Workbook

Sheet Read Me
A1: UNCS — Rebate Program (Multi-Config) — Test Case Workbook
A2: Prepared following the standard Software Testing Life Cycle (STLC)
A4: Purpose | B4: This workbook takes the "Rebate Program — Final Requirements" document and the six annotated UI captures supplied by the requester (Platform project > sample feature using AI > "3. Rebate program - can setup multiple program") and turns them into an executable STLC test case suite, in the team's standard column and section-banner format.
A7: Tab guide
A8: Test Plan Summary | B8: Scope, environment, roles, entry/exit criteria, and a live execution dashboard.
A9: Assumptions & Open Qs | B9: 14 items that could not be confirmed from the partially-accessible source doc — resolve these before treating results as final.
A10: RTM | B10: Maps each requirement to the test cases that cover it.
A11: Test Cases | B11: 127 test cases, ordered Real-time Rebate first, then Daily Rebate, then shared/cross-cutting concerns (Access Control, Localization, Regression). Generic mechanics that apply to both types (Modify, Delete, Group Targeting, the rate table, and several List/Create checks) are mirrored once per type so each block reads as a complete, standalone suite — e.g. "A1. Real-time Rebate Program List" then, later, "B1. Daily Rebate Program List". Each row: Test Scenario / Test Case / Pre-Condition / Test Steps / Test Data / Expected Results / Post Condition / Actual Result / Status(Pass/Fail) / Important Level / Version / Last Update / Case Type.
A13: Source-access note
A14: Only a short preview of the linked Google Doc could be retrieved — the Objective sentence, cut off partway through — since the full body requires sign-in and isn't reachable via the Google Drive connection linked to this workspace. The Figma connector was also unavailable (the connected account's View seat had hit its MCP tool-call limit on the Professional plan). This suite was built from the Objective sentence plus six manually-captured UI screenshots the requester attached directly. Anything not confirmable from those sources is logged in "Assumptions & Open Qs" rather than guessed at.
A19: How to execute
A20: 1. | B20: Test cases are grouped under numbered section banners (e.g. "1. PRIZE POOL SETUP") matching the module structure — scroll or use the AutoFilter on the header row.
A21: 2. | B21: Fill in Actual Result with what actually happened; Post Condition is there to confirm the resulting system state matched expectations too.
A22: 3. | B22: Set Status via the dropdown: Pass or Fail. Leave it blank until the case has actually been run.
A23: 4. | B23: Version starts at v1.0 for this whole suite; bump it if you revise a case after a spec change. Last Update is stamped to the date each case was authored/last revised.
A24: 5. | B24: The Test Plan Summary tab's dashboard totals update automatically as Status is filled in.
A25: 6. | B25: Prioritize the Settlement Processing and Game-Category Rebate Rate Table sections early — they're the most financially sensitive and have the most open Assumptions riding on them.
A27: Legend
A28: Important Level
A29: High
A30: Medium
A31: Low

Sheet Test Plan Summary
A1: Test Plan Summary
A2: Rebate Program (Multi-Config) — Real-time & Daily Programs, Agent/User Group Targeting
A4: Feature | B4: Rebate Program — multi-configuration enhancement: independent Real-time and Daily rebate programs, each assignable to Agent and User Groups, with type-scoped uniqueness and automated settlement.
A6: Objective (per doc) | B6: Enhance the rebate feature to support multiple Real-time and Daily rebate programs, assign each program to Agents and User Groups, prevent overlapping assignments within the same rebate type, and guarantee correct settlement processing.
A8: Source documents | B8: "Rebate Program — Final Requirements" / 返水计划 — 最终需求 (Google Doc, partial access — see Assumptions tab) and six annotated UI captures supplied by the requester.
A10: Module location | B10: UNCS merchant admin back-office, Rebate Management > Rebate programs (Real-time rebate / Daily rebate tabs).
A12: Roles required | B12: Super Admin and Admin test accounts with access to Rebate Management; Agent and ordinary-user accounts for negative access-control checks.
A14: In scope | B14: Rebate program list for both types and its Modify/Delete actions; type-level global settings (Min Claim/Release/Expire Time/Status); Create and Modify for Real-time and Daily programs; Agent/User Group targeting and type-scoped duplicate-pairing validation; the auto-populated game-category rebate-rate table; Real-time vs. Daily settlement processing; role-based access; English/Chinese localization; regression against the prior single-program rebate behavior.
A16: Out of scope (assumed) | B16: The member-facing claim UI itself, if a manual claim step exists beyond automatic settlement; the underlying turnover/loss calculation engine internals; Agent/User Group creation (covered by their own modules).
A18: Entry criteria | B18: Feature deployed to the test environment; at least two Agent groups and two User Groups pre-configured; test accounts able to generate qualifying game activity for settlement testing.
A20: Exit criteria | B20: All High-priority test cases executed and passed, particularly around settlement accuracy; every item in "Assumptions & Open Qs" resolved or explicitly accepted; no open High-severity defects.
A22: Test types covered | B22: Functional, Negative, Boundary, Integration, Access Control, Localization, Regression.
A25: Execution Dashboard (updates automatically from the Test Cases tab)
A26: Metric | B26: Count
A27: Total test cases | B27: =COUNTIF('Test Cases'!A3:A152,"RBMP-*") -> 121
A28: Passed | B28: =COUNTIF('Test Cases'!J3:J152,"Pass") -> 9
A29: Failed | B29: =COUNTIF('Test Cases'!J3:J152,"Fail") -> 0
A30: Not run | B30: =COUNTIF('Test Cases'!A3:A152,"RBMP-*")-COUNTIF('Test Cases'!J3:J152,"Pass")-COUNTIF('Test Cases'!J3:J152,"Fail") -> 112
A31: High-priority cases | B31: =COUNTIF('Test Cases'!K3:K152,"High") -> 50

Sheet Assumptions & Open Qs
A1: Assumptions & Open Questions
A2: Log these against the full requirement doc before/while executing — several affect settlement accuracy
A4: ID | B4: Area | C4: Assumption / Open Question | D4: Why it matters | E4: Related Test Cases
A5: AQ-01 | B5: Global vs. per-program Status | C5: Does toggling the type-level Global Status to Inactive override/suspend every program of that type regardless of its own Status, or is it purely informational? | D5: Changes the expected result of the global-status test case and downstream settlement behavior. | E5: RBMP-010
A6: AQ-02 | B6: Min Claim semantics | C6: Does a calculated rebate below the Real-time Min Claim threshold get withheld, rolled over to the next period, or forfeited entirely? | D6: Determines the expected result of the sub-threshold settlement test case. | E6: RBMP-052, RBMP-008
A7: AQ-03 | B7: Daily Release/Expire Time boundary | C7: Is the exact Expire Time instant still inside the claim window (inclusive) or already past it (exclusive)? | D7: Determines the expected result of the boundary-timing test cases. | E7: RBMP-108, RBMP-063
A8: AQ-04 | B8: Program Name uniqueness scope | C8: Must Program Name be unique overall, unique per rebate type, or not enforced at all? | D8: Changes the expected result of the duplicate-name test case. | E8: RBMP-020 (Real-time), RBMP-075 (Daily)
A9: AQ-05 | B9: Deleting an Active program | C9: Is deleting a currently Active rebate program allowed outright, gated behind an extra warning given in-flight settlement, or blocked until deactivated first? | D9: Materially changes the expected result — this has real settlement/payout implications. | E9: RBMP-031 (Real-time), RBMP-086 (Daily)
A10: AQ-06 | B10: Maximum rebate rate & decimal precision | C10: Is there a documented ceiling per game category (e.g. cannot exceed 100%), and how many decimal places are supported and stored? | D10: Needed for exact pass/fail thresholds on the rebate-rate boundary tests. | E10: RBMP-048/RBMP-103 (max rate), RBMP-049/RBMP-104 (decimal precision)
A11: AQ-07 | B11: Structure behind "all 56 games" | C11: Does 56 refer to individual game titles auto-mapped under the visible categories, or 56 category rows? The captures show roughly 6-7 category rows (Live Casino, Slot, Sportsbook, Fishing, eSports, Lottery). | D11: Needed to confirm the expected table contents precisely. | E11: RBMP-043 (Real-time), RBMP-098 (Daily)
A12: AQ-08 | B12: Sub-threshold / cross-period rollover | C12: When a calculated rebate falls below Min Claim (Real-time) or right at a Daily cutover, does any amount roll into the next period, or reset to zero? | D12: Affects settlement-accuracy expectations broadly. | E12: RBMP-052, RBMP-108
A13: AQ-09 | B13: Per-tab filter/search persistence | C13: Does the search/status filter reset when switching between the Real-time and Daily tabs, or is it remembered independently per tab? | D13: Changes the expected result of the tab-switch UI test case. | E13: RBMP-112
A14: AQ-10 | B14: Role permission matrix | C14: Does the Admin role have the same rights as Super Admin for Rebate program management, or a restricted subset (e.g. no Delete)? | D14: Affects the precise expected result of every Access-control test case. | E14: RBMP-116
A15: AQ-11 | B15: "Default" User Group semantics | C15: What does selecting "Default" as a User Group actually target (e.g. users not otherwise grouped)? | D15: Affects the expected result and duplicate-check correctness for that selection. | E15: RBMP-042 (Real-time), RBMP-097 (Daily)
... A18: AQ-14 | B18: Full bilingual copy | C18: Only the error banner and screen titles were visible in Chinese in the captures; the doc's remaining sections likely hold the final approved copy for every label and message. | D18: Needed to build copy-exact localization test data instead of a structural check only. | E18: RBMP-121, RBMP-122

Sheet RTM
A1: Requirement Traceability Matrix
A2: Requirements are grouped Real-time first, then Daily, then shared/cross-cutting — matching the Test Cases tab
A4: Req ID | B4: Requirement | C4: Source | D4: Covered By | E4: Coverage
A5: REQ-A1 | B5: Real-time rebate program list — view, search/filter, Modify/Delete, pagination (Real-time tab). | C5: UI Note 1 (program list) | D5: RBMP-001 … RBMP-006 | E5: Covered — pending AQ-09
A6: REQ-A2 | B6: Real-time global rebate settings — Min Claim, Expire Time, Status. | C6: UI Note 1 (global settings panel) | D6: RBMP-007 … RBMP-010 | E6: Covered — pending AQ-01
A7: REQ-A3 | B7: Create a Real-time rebate program — name, status, targeting, game rebate rates. | C7: UI Note 2 | D7: RBMP-011 … RBMP-021 | E7: Covered — pending AQ-04
A8: REQ-A4 | B8: Modify an existing Real-time rebate program. | C8: Inferred from the list's "Modify" action | D8: RBMP-022 … RBMP-029 | E8: Covered
A9: REQ-A5 | B9: Delete a Real-time rebate program. | C9: Inferred from the list's "Delete" action | D9: RBMP-030 … RBMP-033 | E9: Covered — pending AQ-05
A10: REQ-A6 | B10: Agent/User Group targeting for Real-time programs. | C10: UI Note 3 (transfer selection) | D10: RBMP-034 … RBMP-042 | E10: Covered — pending AQ-11
A11: REQ-A7 | B11: Game-category rebate rate table for Real-time programs. | C11: UI Note 2 | D11: RBMP-043 … RBMP-050 | E11: Covered — pending AQ-06, AQ-07, AQ-13
A12: REQ-A8 | B12: Real-time settlement processing. | C12: Doc §1 Objective | D12: RBMP-051 … RBMP-055 | E12: Covered — pending AQ-02, AQ-08
A13: REQ-B1 | B13: Daily rebate program list — view, search/filter, Modify/Delete, pagination (Daily tab). | C13: UI Note 4 (program list) | D13: RBMP-056 … RBMP-061 | E13: Covered — pending AQ-09
A14: REQ-B2 | B14: Daily global rebate settings — Release Time, Expire Time, Status. | C14: UI Note 4 (global settings panel) | D14: RBMP-062 … RBMP-064 | E14: Covered
A15: REQ-B3 | B15: Create a Daily rebate program — name, status, targeting, game rebate rates. | C15: UI Note 5 | D15: RBMP-065 … RBMP-076 | E15: Covered — pending AQ-04
... A24: REQ-C4 | B24: Multi-program enhancement must not break existing single-program rebate data or behavior. | C24: Doc §1 Objective | D24: RBMP-124 … RBMP-127 | E24: Covered — pending AQ-12

Sheet Test Cases
A1: Project Name | B1: Admin Weibo | D1: =(COUNTIF(J11:J399,E1))/F1 -> 0.20512821 | E1: Pass | F1: =COUNTIF(G11:G399,"<>") -> 156 | G1: Test cases
A2: Module Name | B2: Rebate management | D2: =COUNTIF(J9:J59,E2)/F1 -> 0 | E2: Fail | F2: =ROWS(A:A) -> 1000 | G2: ROW'S COUNT | I2: Re 100, Bet A 60, A 50
A3: Version | B3: V. 3. 16. 0 | D3: =COUNTIF(J9:J59,E3)/F1 -> 0 | E3: Pending | I3: A earlier, 40 remaing, then B, 50 - 40 = 10,
A4: Created By | B4: Am Rithysak / Sengmean | D4: =SUM(D1:D3) -> 0.20512821 | E4: TOTAL
A5: Date of Creation | B5: 45957
A6: Date of Review | B6: =IFERROR(__xludf.DUMMYFUNCTION("TO_DATE(MAX(N:N))"),0.0) -> 0
A8: HKD
A9: Rebate Program (Multi-Config) — Test Cases
A10: TEST CASE ID | B10: TEST SCENARIO | C10: TEST CASE | D10: PRE-CONDITION | E10: TEST STEPS | F10: TEST DATA | G10: EXPECTED RESULTS | H10: POST CONDITION | I10: ACTUAL RESULT | J10: STATUS(PASS/FAIL) | K10: Important Level | L10: VERSION | M10: LAST UPDATE | N10: CASE TYPE
A11: — REAL-TIME REBATE
A12: A1. Real-time Rebate Program List
A13: RBMP-001 | B13: Verify Program List functionality for listing only Real-time programs with correct summary data on that tab | C13: Real-time tab lists only Real-time programs with correct summary data | D13: Logged in to the Weibo Empire admin back-office as Super Admin/Admin with access to Rebate Management > Rebate programs. On the Rebate program setup screen. Real-time rebate tab selected. At least 2 Real-time programs exist. | E13: 1. Navigate to Rebate Management > Rebate programs. 2. Confirm the Real-time tab is active. 3. Review the program table. | F13: 2 sample Real-time programs, e.g. "Sample 1", "Sample 2". | G13: The table shows Program name, Target Agents, User Groups, Status and Last update for each Real-time program only; no Daily programs appear on this tab. | H13: No system state change; the list continues to reflect existing Real-time program data. | K13: High | L13: v2.0 | M13: 46280 | N13: Functional
A14: RBMP-002 | B14: Verify Real-time Program List functionality for searching/filtering the list by name or target | C14: Search/filter the program list by name or target | D14: Logged in to the Weibo Empire admin back-office as Super Admin/Admin with access to Rebate Management > Rebate programs. On the Rebate program setup screen. Real-time rebate tab selected. | E14: 1. Enter a known program name (or Agent/User Group name) into the search box. 2. Apply the search. | F14: Search text matching "Sample 1". | G14: Only the matching program(s) are shown; clearing the search restores the full list. | H14: No system state change; only the displayed filtered results change. | K14: Medium | L14: v2.0 | M14: 46280 | N14: Functional
A15: RBMP-003 | B15: Verify Real-time Program List functionality for filtering by Status — All, Active, or Inactive | C15: Filter by Status (All / Active / Inactive) | D15: Logged in to the Weibo Empire admin back-office as Super Admin/Admin with access to Rebate Management > Rebate programs. On the Rebate program setup screen. Real-time rebate tab selected. A mix of Active and Inactive programs exist. | E15: 1. Set the status filter to Active. 2. Set it to Inactive. 3. Set it back to All. | F15: Mixed-status program set. | G15: Each filter shows only programs matching that status; All shows every program regardless of status. | H15: No system state change; only the displayed filtered results change. | K15: Medium | L15: v2.0 | M15: 46280 | N15: Functional
A16: RBMP-004 | B16: Verify Real-time Program List functionality for opening the correct program pre-filled from Modify | C16: Modify action opens the correct program pre-filled | D16: Logged in to the Weibo Empire admin back-office as Super Admin/Admin with access to Rebate Management > Rebate programs. On the Rebate program setup screen. Real-time rebate tab selected. | E16: 1. Click Modify on a specific program row. 2. Compare every field to that program's last-saved configuration. | F16: Any existing program with non-default groups and rates. | G16: Program Name, Status, Agent groups, User Groups and the game rebate-rate table are all display exactly as last saved. | H16: No system state change; the Modify screen simply displays the program's already-saved configuration. | K16: High | L16: v2.0 | M16: 46280 | N16: Functional
A17: RBMP-005 | B17: Verify Real-time Program List functionality for requiring confirmation before Delete removes a program | C17: Delete requires confirmation and removes the program | D17: Logged in to the Weibo Empire admin back-office as Super Admin/Admin with access to Rebate Management > Rebate programs. On the Rebate program setup screen. Real-time rebate tab selected. | E17: 1. Click Delete on a program row. 2. Observe the confirmation prompt. 3. Click Cancel, then repeat and Confirm. | F17: Any existing test program. | G17: 1. Cancelling leaves the program untouched; 2. Confirming removes it from the list. | H17: The program is removed from the system if confirmed, or remains untouched if cancelled. | K17: High | L17: v2.0 | M17: 46280 | N17: Functional
A18: RBMP-006 | B18: Verify Real-time Program List functionality for paginating the list | C18: Pagination on the program list | D18: Logged in to the Weibo Empire admin back-office as Super Admin/Admin with access to Rebate Management > Rebate programs. On the Rebate program setup screen. Real-time rebate tab selected. More programs exist than fit on one page. | E18: 1. Create enough programs to exceed one page. 2. Use Previous/Next to page through the list. | F18: More than one page's worth of programs on one tab. | G18: "Showing X-Y of Z rebate programs" and page controls stay accurate on every page, independently per tab. | H18: No system state change; only the displayed page changes. | K18: Low | L18: v2.0 | M18: 46280 | N18: UI
A19: A2. Real-time Global Rebate Settings
A20: RBMP-007 | B20: Verify Global Settings functionality for displaying the current saved Real-time values | C20: Real-time global settings display current saved values | D20: Logged in to the Weibo Empire admin back-office as Super Admin/Admin with access to Rebate Management > Rebate programs. On the Rebate program setup screen. Real-time rebate tab selected. | E20: 1. View the Global real-time rebate settings panel. | F20: Previously saved Min Claim / Expire Time / Status. | G20: Min Claim, Expire Time and Status all reflect the last-saved values. | H20: No system state change; displayed values match what was last saved. | K20: Medium | L20: v2.0 | M20: 46280 | N20: Functional
A21: RBMP-008 | B21: Verify Global Settings functionality for saving valid changes to the Real-time settings | C21: Save valid changes to Real-time global settings | D21: Logged in to the Weibo Empire admin back-office as Super Admin/Admin with access to Rebate Management > Rebate programs. On the Rebate program setup screen. Real-time rebate tab selected. | E21: 1. Change Min Claim and/or Expire Time to valid values. 2. Click Save. | F21: Min Claim = 10; Expire Time = 24 (hours). - <<valid account>> - - - 7 - [from TC_REBATE_008] - <<valid account>> - - - 24 - [from TC_REBATE_010] | G21: Values persist after a page reload; a Save confirmation is shown. - Should be successfully modified - On the client, the release time of rebate amount should change according to the admin config - Should be successfully modified - Rebate amount should expired according to the config of expiration time NOTE: Expiration time will count after settled rebate | H21: The Real-time global settings are updated and apply to all Real-time programs going forward. | J21: Pass | K21: High | L21: V. 3.11.0 | M21: 3/23/2026 | N21: Functional
A22: RBMP-009 | B22: Verify Global Settings functionality for rejecting negative or non-numeric input in Real-time Min Claim | C22: Real-time Min Claim rejects negative or non-numeric input | D22: Logged in to the Weibo Empire admin back-office as Super Admin/Admin with access to Rebate Management > Rebate programs. On the Rebate program setup screen. Real-time rebate tab selected. | E22: 1. Enter a negative number into Min Claim. 2. Enter non-numeric text into Min Claim. 3. Click Save. | F22: -5, "abc". - <<valid account>> - - - -7 - [from TC_REBATE_009] | G22: Save is blocked with a validation message for both invalid inputs. Should not allow negative amount | H22: The Real-time global settings remain at their last validly saved values. | J22: Pass | K22: High | L22: V. 3.11.0 | M22: 3/23/2026 | N22: Negative
A23: RBMP-010 | B23: Verify Global Settings functionality for the effect of toggling Real-time global Status to Inactive on all Real-time programs | C23: Toggling Real-time global Status to Inactive affects all Real-time programs | D23: Logged in to the Weibo Empire admin back-office as Super Admin/Admin with access to Rebate Management > Rebate programs. On the Rebate program setup screen. Real-time rebate tab selected. At least one Active Real-time program exists. | E23: 1. Set the global Status to Inactive. 2. Save. 3. Check whether the individually-Active Real-time program still functions/settles. | F23: Global Status = Inactive. - <<valid account>> - - - Disabled - [from TC_REBATE_011] | G23: Confirm against AQ-01 whether the global toggle is a master switch overriding per-program Status, or purely informational. After disabled, should stop calculating the settle rebate amount process | H23: System behavior for all Real-time programs matches the confirmed global-override rule (see AQ-01). | J23: Pass | K23: High | L23: V. 3.11.0 | M23: 3/23/2026 | N23: Integration
A24: A3. Create Real-time Rebate Program
A25: RBMP-011 | B25: Verify Create Program functionality for creating a Real-time program with all fields valid | C25: Create a Real-time rebate program with all fields valid | D25: Logged in to the Weibo Empire admin back-office as Super Admin/Admin with access to Rebate Management > Rebate programs. On the Create Real-time rebate program screen. | E25: 1. Enter a unique Program Name. 2. Select Agent group(s) and User Group(s) whose pairing isn't used by another Real-time program. 3. Set a rebate rate on at least one game category. 4. Click Submit. | F25: Name = "New Real-time Rebate"; LIVE CASINO rate = 0.3%. | G25: The program is created and appears on the Real-time tab with the entered data; Status defaults to Inactive unless changed. | H25: A new Real-time rebate program exists, holding its Agent/User Group pairing(s) against future same-type duplicates. | K25: High | L25: v2.0 | M25: 46280 | N25: Functional
A26: RBMP-012 | B26: Verify Real-time Create Program functionality for fixing the rebate Type so it cannot be changed on the Create screen | C26: A program's rebate Type is fixed and cannot be changed on the Create screen | D26: Logged in to the Weibo Empire admin back-office as Super Admin/Admin with access to Rebate Management > Rebate programs. On the Create Real-time rebate program screen. | E26: 1. Open Create from the Real-time tab and look for any control to change the program's type. 2. Repeat by opening Create from the Daily tab. | F26: N/A. | G26: No control exists to change type; a Real-time program can only be created from the Real-time tab's Create action, and likewise for Daily. | H26: No system state change; only the absence of a type-change control is verified. | K26: Medium | L26: v2.0 | M26: 46280 | N26: Functional
A27: RBMP-013 | B27: Verify Real-time Create Program functionality for attempting to create a program with an empty Program Name | C27: Attempt to create a program with an empty Program Name | D27: Logged in to the Weibo Empire admin back-office as Super Admin/Admin with access to Rebate Management > Rebate programs. On the Create Real-time rebate program screen. | E27: 1. Leave Program Name blank. 2. Complete the rest validly. 3. Click Submit. | F27: Name = "". | G27: Submit is blocked with a required-field message; no program is added. | H27: No new program is created; the program list is unchanged. | K27: High | L27: v2.0 | M27: 46280 | N27: Negative
A28: RBMP-014 | B28: Verify Real-time Create Program functionality for attempting to create a program with no Agent group or no User Group selected | C28: Attempt to create a program with no Agent group or no User Group selected | D28: Logged in to the Weibo Empire admin back-office as Super Admin/Admin with access to Rebate Management > Rebate programs. On the Create Real-time rebate program screen. | E28: 1. Leave the Agent group Selected column empty (or the User Group Selected column empty). 2. Click Submit. | F28: 0 Agent groups selected. | G28: Submit is blocked; the documented rule states every program must contain at least one Target Agent and one User Group. | H28: Require atlease one of pair group for one program | K28: High | L28: v2.0 | M28: 46280 | N28: Negative
A29: RBMP-015 | B29: Verify Real-time Create Program functionality for blocking creation when the pairing duplicates another program of the same type | C29: Create is blocked when the pairing duplicates another program of the SAME type | D29: Logged in to the Weibo Empire admin back-office as Super Admin/Admin with access to Rebate Management > Rebate programs. On the Create Real-time rebate program screen. Another Active Real-time program already uses the target pairing. | E29: 1. Select Agent/User Group matching an existing Real-time program's pairing. 2. Click Submit. | F29: Pairing already used by an existing Real-time program. | G29: Submit is blocked with "Target Agent and User Group duplicate to other program"; no partial program is created. | H29: No new program is created; the pre-existing conflicting program's pairing is untouched. | K29: High | L29: v2.0 | M29: 46280 | N29: Negative
A30: RBMP-016 | B30: Verify Real-time Create Program functionality for succeeding on resubmission after correcting a flagged duplicate-pairing conflict | C30: Resubmitting after correcting a flagged duplicate-pairing conflict succeeds | D30: Continuing directly from a blocked Real-time submission due to a duplicate-pairing conflict. | E30: 1. Change only the conflicting group selection. 2. Click Submit again. | F30: Deselect the conflicting User Group only. | G30: Program Name and entered rates are preserved; Submit now succeeds. | H30: A new program now exists with the corrected pairing; the previously conflicting program is unaffected. | K30: Medium | L30: v2.0 | M30: 46280 | N30: Functional
A31: RBMP-017 | B31: Verify Real-time Create Program functionality for defaulting a new program to Inactive regardless of entered data | C31: New program defaults to Inactive regardless of entered data | D31: Logged in to the Weibo Empire admin back-office as Super Admin/Admin with access to Rebate Management > Rebate programs. On the Create Real-time rebate program screen. | E31: 1. Complete the form without touching Status. 2. Submit. | F31: Status left untouched. | G31: The created program shows Status = Inactive in the list, consistent with the documented default. | H31: The new program exists with Status = Inactive until explicitly activated. | K31: Medium | L31: v2.0 | M31: 46280 | N31: Functional
A32: RBMP-018 | B32: Verify Real-time Create Program functionality for honoring an explicitly-set Active status on create | C32: Explicitly setting Status = Active on create is honored | D32: Logged in to the Weibo Empire admin back-office as Super Admin/Admin with access to Rebate Management > Rebate programs. On the Create Real-time rebate program screen. | E32: 1. Change Status to Active before submitting. 2. Submit. | F32: Status = Active. | G32: The created program shows Status = Active in the list. | H32: The new program exists with Status = Active. | K32: Medium | L32: v2.0 | M32: 46280 | N32: Functional
A33: RBMP-019 | B33: Verify Real-time Create Program functionality for discarding a partially-completed form on Cancel | C33: Cancel discards a partially-completed Create form | D33: Logged in to the Weibo Empire admin back-office as Super Admin/Admin with access to Rebate Management > Rebate programs. On the Create Real-time rebate program screen. | E33: 1. Fill in several fields. 2. Click Cancel. | F33: Any partial entry. | G33: No program is created; the Program list is unchanged. | H33: No new program is created; the program list is unchanged. | K33: Medium | L33: v2.0 | M33: 46280 | N33: Functional
A34: RBMP-020 | B34: Verify Real-time Create Program functionality for handling a Program Name identical to an existing program | C34: Create a program using a Program Name identical to an existing program | D34: Logged in to the Weibo Empire admin back-office as Super Admin/Admin with access to Rebate Management > Rebate programs. On the Create Real-time rebate program screen. Another program already uses the name being entered. | E34: 1. Enter a Program Name that exactly matches an existing program (same or other type). 2. Complete the rest validly. 3. Click Submit. | F34: Name = an existing program's exact name. | G34: System block, and show an error message | H34: System state the name as uniqueness rule | K34: Low | L34: v2.0 | M34: 46280 | N34: Negative
A35: RBMP-021 | B35: Verify Real-time Create Program functionality for handling boundary input in the Program Name field, including very long text and special characters | C35: Program Name field boundary — very long text and special characters | D35: Logged in to the Weibo Empire admin back-office as Super Admin/Admin with access to Rebate Management > Rebate programs. On the Create Real-time rebate program screen. | E35: 1. Enter a name at/above the expected character limit, including special characters/emoji. 2. Submit. | F35: 200 character string with symbols and emoji. | G35: The field enforces a sensible maximum length and does not break the program list layout. | H35: Either a program with a safely-truncated name exists, or none was created if the input was rejected outright. | K35: Low | L35: v2.0 | M35: 46280 | N35: Boundary
A36: A4. Modify Real-time Rebate Program
A37: RBMP-022 | B37: Verify Real-time Modify Program functionality for saving a change to Program Name | C37: Modify and save a change to Program Name | D37: Logged in to the Weibo Empire admin back-office as Super Admin/Admin with access to Rebate Management > Rebate programs. Modifying an existing Real-time rebate program. | E37: 1. Open Modify on an existing program. 2. Change the name. 3. Click Update. | F37: New unique name. | G37: The list reflects the new name. | H37: The program's name is updated everywhere it is referenced. | K37: Medium | L37: v2.0 | M37: 46280 | N37: Functional
A38: RBMP-023 | B38: Verify Real-time Modify Program functionality for toggling a program's Status between Active and Inactive | C38: Toggle a program's Status between Active and Inactive | D38: Logged in to the Weibo Empire admin back-office as Super Admin/Admin with access to Rebate Management > Rebate programs. Modifying an existing Real-time rebate program. | E38: 1. Change Status. 2. Click Update. | F38: Toggle Active <-> Inactive. | G38: The list reflects the new Status immediately. | H38: The program's Status matches the newly saved value. | K38: High | L38: v2.0 | M38: 46280 | N38: Functional
A39: RBMP-024 | B39: Verify Real-time Modify Program functionality for blocking a pairing change to one already used by another program of the same type | C39: Modify the pairing to one already used by another program of the same type | D39: Logged in to the Weibo Empire admin back-office as Super Admin/Admin with access to Rebate Management > Rebate programs. Modifying an existing Real-time rebate program. Another program of the same type already owns the target pairing. | E39: 1. Change the group selection to duplicate another same-type program's pairing. 2. Click Update. | F39: Target pairing already in use. | G39: Update is blocked with the duplicate-pairing error; unrelated field edits are preserved for correction. | H39: The program's pairing remains at its last saved value; the conflicting program elsewhere is unaffected. | K39: High | L39: v2.0 | M39: 46280 | N39: Negative
A40: RBMP-025 | B40: Verify Real-time Modify Program functionality for saving unrelated field changes while leaving the program's own pairing unchanged | C40: Modify unrelated fields while leaving the program's own pairing unchanged | D40: Logged in to the Weibo Empire admin back-office as Super Admin/Admin with access to Rebate Management > Rebate programs. Modifying an existing Real-time rebate program. | E40: 1. Change only a game category's rebate rate. 2. Leave the groups unchanged. 3. Click Update. | F40: Change one rate value. | G40: Update succeeds; the program's own unchanged pairing is not flagged as a conflict against itself. | H40: The program's rebate rate is updated; its Agent/User Group pairing remains exactly as before. | K40: Medium | L40: v2.0 | M40: 46280 | N40: Functional
A41: RBMP-026 | B41: Verify Real-time Modify Program functionality for changing a game category's rebate rate | C41: Change a game category's rebate rate | D41: Logged in to the Weibo Empire admin back-office as Super Admin/Admin with access to Rebate Management > Rebate programs. Modifying an existing Real-time rebate program. | E41: 1. Change one category's rate, e.g. SLOT from 1.2% to 1.5%. 2. Click Update. | F41: SLOT 1.2% -> 1.5%. - <<valid account>> - - - - 4% - [from TC_REBATE_014] | G41: The new rate saves and is reflected for future settlement calculations. - Should be successfully modified -The rebate amount of games should be calculated with the percentage that was set for each game | H41: The program's game-category rate reflects the new value for future settlement calculations. | J41: Pass | K41: Medium | L41: V. 3.11.0 | M41: 3/23/2026 | N41: Functional
A42: RBMP-027 | B42: Verify Real-time Modify Program functionality for setting a game category's rate to 0% | C42: Set a game category's rate to 0% | D42: Logged in to the Weibo Empire admin back-office as Super Admin/Admin with access to Rebate Management > Rebate programs. Modifying an existing Real-time rebate program. | E42: 1. Set one category's rate to 0%. 2. Click Update. | F42: One category = 0%. | G42: Saves successfully; per the documented rule, 0% means that category earns no rebate going forward. | H42: The program's game-category rate is saved at 0%, earning no rebate for that category going forward. | K42: Medium | L42: v2.0 | M42: 46280 | N42: Functional
A43: RBMP-028 | B43: Verify Real-time Modify Program functionality for blocking a rebate Type change during Modify | C43: Attempt to change a program's rebate Type during Modify | D43: Logged in to the Weibo Empire admin back-office as Super Admin/Admin with access to Rebate Management > Rebate programs. Modifying an existing Real-time rebate program. | E43: 1. Look for any way to switch the program between Real-time and Daily while modifying it. 2. Enter program name that is existing in other program already | F43: N/A. | G43: Should allow to modify with same program name of different rebate type (real-time / daily) | H43: System should not block the change | K43: Medium | L43: v2.0 | M43: 46280 | N43: Negative
A44: RBMP-029 | B44: Verify Real-time Modify Program functionality for succeeding on Update when no changes were made | C44: Open Modify and click Update with no changes made | D44: Logged in to the Weibo Empire admin back-office as Super Admin/Admin with access to Rebate Management > Rebate programs. Modifying an existing Real-time rebate program. | E44: 1. Open Modify on an existing program. 2. Click Update immediately without changing anything. | F44: No changes. | G44: Update succeeds without error since nothing was modified. | H44: The program's configuration is unchanged, since nothing was modified. | K44: Low | L44: v2.0 | M44: 46280 | N44: Functional
A45: A5. Delete Real-time Rebate Program
A46: RBMP-030 | B46: Verify Real-time Delete Program functionality for deleting a program that is not currently Active | C46: Delete a program that is not currently Active | D46: Logged in to the Weibo Empire admin back-office as Super Admin/Admin with access to Rebate Management > Rebate programs. On the Rebate program setup screen. Real-time rebate tab selected. An Inactive test program exists. | E46: 1. Click Delete on the Inactive program. 2. Confirm. | F46: An Inactive test program. | G46: Showing confirmation dialog form to delete the program. Click confirm to deleted program The program is removed from the list without error. | H46: The program no longer exists in the system. | K46: Medium | L46: v2.0 | M46: 46280 | N46: Functional
A47: RBMP-031 | B47: Verify Real-time Delete Program functionality for handling deletion of a currently Active program | C47: Delete a currently Active program | D47: Logged in to the Weibo Empire admin back-office as Super Admin/Admin with access to Rebate Management > Rebate programs. On the Rebate program setup screen. Real-time rebate tab selected. An Active test program exists. | E47: 1. Click Delete on the Active program. 2. Confirm. | F47: An Active test program with a non-zero rate. 1. generated rebate claim 2. un-generated rebate claim | G47: Deleted program and hide from program list page - Side affected to be consider: 1. Generated rebate claim is keeping un-changed. 2. Un-generated rebate claim should be affected, after get result betting | H47: - 1. No affected for generated claim. - 2. Not yet generate bet result (Admin deleted / disable before result out) ? | K47: High | L47: v2.0 | M47: 46280 | N47: Negative
A48: RBMP-032 | B48: Verify Real-time Delete Program functionality for releasing a deleted program's pairing for reuse within the same type | C48: A deleted program's pairing becomes available for reuse within the same type | D48: Logged in to the Weibo Empire admin back-office as Super Admin/Admin with access to Rebate Management > Rebate programs. On the Rebate program setup screen. Real-time rebate tab selected. | E48: 1. Note a program's Agent+User Group pairing. 2. Delete that program. 3. Attempt to create a new same-type program with the identical pairing. | F48: Pairing = Agent B + User Group B. | G48: The new program can now use that pairing without triggering the duplicate-pairing error. | H48: The new program now holds the previously-used pairing; no program retains the old deleted one. | K48: High | L48: v2.0 | M48: 46280 | N48: Integration
A49: RBMP-033 | B49: Verify Real-time Delete Program functionality for allowing the delete confirmation to be cancelled | C49: Delete confirmation can be cancelled | D49: Logged in to the Weibo Empire admin back-office as Super Admin/Admin with access to Rebate Management > Rebate programs. On the Rebate program setup screen. Real-time rebate tab selected. | E49: 1. Click Delete on a program. 2. Click Cancel on the confirmation prompt. | F49: Any existing program. | G49: The program remains untouched in the list. | H49: The program remains in the system, fully unchanged. | K49: Low | L49: v2.0 | M49: 46280 | N49: Functional
A50: A6. Real-time Agent/User Group Targeting
A51: RBMP-034 | B51: Verify Real-time Group Targeting functionality for moving every available Agent into Selected via Select all | C51: "Select all" (>>) moves every available Agent into Selected and select 'Default value' of Member group | D51: Logged in to the Weibo Empire admin back-office as Super Admin/Admin with access to Rebate Management > Rebate programs. On the Create Real-time rebate program screen. | E51: 1. Click >> above the Agent group Available list. 2. Click > Default one of Member Group 3. Click 'Submit' | F51: All available Agent groups. | G51: Every available Agent group moves to Selected; individual items can still be removed afterward. - Default value of Member group move to Selected, individual items can still be removed afterward => Submit succeed | H51: Every previously-available Agent group is now in the Selected column, pending Submit. | K51: Medium | L51: v2.0 | M51: 46280 | N51: Functional
A52: RBMP-034-1 | B52: Verify Real-time Group Targeting functionality for moving every available Agent into Selected via Select all | C52: Select any available Agent group and select 'Default value' of Member group | D52: - dupplicate pair validation | E52: 1. Click > above Agent group list. 2. Click > Default one of Member Group 3. Click 'Submit' | F52: <<- test data ->> - Agent group: any available item - Member group: 'Default' | G52: System is blocked with the duplicate-pairing error; unrelated field edits are preserved for correction. | H52: Not allow dupplicat of pair
A53: RBMP-034-2 | B53: Verify Real-time Group Targeting functionality for moving every available Agent into Selected via Select all | C53: Select (>) OR (>>) on any available Agent group and select != 'Default' value' of Member group | D53: - Not dupplicate selected pair of Agent and member group | E53: 1. Click > or >> above Agent group list. 2. Click > above Member Group 3. Click 'Submit' | F53: <<- test data ->> - Agent group: any available item - Member group: != 'Default' | G53: Every available Agent group moves to Selected; individual items can still be removed afterward. - Default value of Member group move to Selected, individual items can still be removed afterward => Submit succeed | H53: - No block by system
A54: RBMP-035 | B54: Verify Real-time Group Targeting functionality for moving a single Agent using the arrow controls | C54: Move a single Agent using -> and remove using <- | D54: Logged in to the Weibo Empire admin back-office as Super Admin/Admin with access to Rebate Management > Rebate programs. On the Create Real-time rebate program screen. | E54: 1. Select one Agent group in Available and click ->. 2. Select it in Selected and click <-. | F54: Any single Agent group. | G54: The item moves correctly in both directions and Selected always matches what will be submitted. | H54: The Selected column matches exactly what was moved, pending Submit. | K54: Medium | L54: v2.0 | M54: 46280 | N54: Functional
A55: RBMP-036 | B55: Verify Real-time Group Targeting functionality for clearing all Selected Agents using the clear-all control | C55: Clear all Selected Agents using << | D55: Logged in to the Weibo Empire admin back-office as Super Admin/Admin with access to Rebate Management > Rebate programs. On the Create Real-time rebate program screen. Several Agent groups already Selected. | E55: 1. Click <<. | F55: Multiple Selected Agent groups. | G55: All Selected Agent groups return to Available; the Selected list becomes empty. | H55: The Agent group Selected column is empty, pending Submit. | K55: Medium | L55: v2.0 | M55: 46280 | N55: Functional
A56: RBMP-037 | B56: Verify Real-time Group Targeting functionality for matching the same transfer-selection behavior on the User Group control | C56: Same transfer-selection behavior verified for the User Group control | D56: Logged in to the Weibo Empire admin back-office as Super Admin/Admin with access to Rebate Management > Rebate programs. On the Create Real-time rebate program screen. | E56: 1. Repeat Select all, single move, and clear-all for the User Group control. | F56: Same as TC-GRP-001..003, applied to User Group. | G56: Identical behavior to the Agent group control. | H56: No system state change; only control behavior parity is verified. | K56: Medium | L56: v2.0 | M56: 46280 | N56: Functional
A57: RBMP-038 | B57: Verify Real-time Group Targeting functionality for triggering duplicate-pairing validation on Submit/Update | C57: Duplicate-pairing validation triggers on Submit for Create, and on Update for Modify | D57: Logged in to the Weibo Empire admin back-office as Super Admin/Admin with access to Rebate Management > Rebate programs. On either the Create Real-time or Modify screen for a Real-time program. | E57: 1. Configure a conflicting pairing on Create; note when the error appears. 2. Repeat on Modify, checking the error appears on Update. | F57: A conflicting pairing in both flows. | G57: The duplicate check runs at submit time in both flows (not as selections are made), consistent with the documented behavior. | H57: No system state change; only the timing of the validation trigger is verified. | K57: High | L57: v2.0 | M57: 46280 | N57: Functional
A58: RBMP-039 | B58: Verify Real-time Group Targeting functionality for checking the full generated cross-product of Agents and User Groups on Submit | C58: Multiple Agents x multiple User Groups generates a full cross-product, all checked on Submit | D58: Logged in to the Weibo Empire admin back-office as Super Admin/Admin with access to Rebate Management > Rebate programs. On the Create Real-time rebate program screen. At least two Agent groups and two User Groups are configured in the system. | E58: 1. Select 3 Agent groups and 2 User Groups (6 generated pairings), where exactly 1 of the 6 already exists on another same-type program. 2. Click Submit. | F58: 6 generated pairings; 1 pre-existing conflict. | G58: The entire Submit is rejected — none of the 6 pairings are partially saved — and the error identifies only the conflicting pairing. | H58: No program is created; none of the 6 generated pairings are reserved by the attempted submission. | K58: High | L58: v2.0 | M58: 46280 | N58: Negative
A59: RBMP-040 | B59: Verify Real-time Group Targeting functionality for not self-conflicting when editing without changing a program's own pairing | C59: Editing without changing a program's own pairing does not self-conflict | D59: Logged in to the Weibo Empire admin back-office as Super Admin/Admin with access to Rebate Management > Rebate programs. Modifying an existing Real-time rebate program. | E59: 1. Modify only the rebate rate, leaving groups unchanged. 2. Click Update. | F59: Program's existing pairing left untouched. | G59: The program's own unchanged pairing is not treated as a duplicate of itself. | H59: The program's pairing remains exactly as it was before Update, confirmed as not self-conflicting. | K59: Medium | L59: v2.0 | M59: 46280 | N59: Functional
A60: RBMP-041 | B60: Verify Real-time Group Targeting functionality for making a newly created group selectable without a workaround | C60: Newly created Agent or User Group appears as selectable without a workaround | D60: Logged in to the Weibo Empire admin back-office as Super Admin/Admin with access to Rebate Management > Rebate programs. On the Create Real-time rebate program screen. A new Agent or User Group was just created in its own management module. | E60: 1. Create a new group elsewhere. 2. Return to Create Rebate Program and check the Available list. | F60: A newly created group, e.g. "Agent F". A newly create group, e.g. "QA_G" | G60: The new group appears as a selectable option after reload - Created Program which is 'Selected All' option in Agent group / Member group is automatically applied | H60: No system state change beyond the new group's own creation; it is now available for selection here. | K60: Low | L60: v2.0 | M60: 46280 | N60: Integration
A61: RBMP-042 | B61: Verify Real-time Group Targeting functionality for handling the "Default" User Group option | C61: "Default" User Group option behavior | D61: Logged in to the Weibo Empire admin back-office as Super Admin/Admin with access to Rebate Management > Rebate programs. On the Create Real-time rebate program screen. | E61: 1. Select "Default" as a User Group alongside an Agent group. 2. Click Submit. | F61: User Group Default = "Selected All". | G61: Selected All is default value for both Agent and Member group | H61: Selected All is default value for both Agent and Member group | K61: Medium | L61: v2.0 | M61: 46280 | N61: Functional
A62: A7. Real-time Game-Category Rebate Rate Table
A63: RBMP-043 | B63: Verify Real-time Rebate Rate Table functionality for pre-populating all game categories automatically on Create | C63: All game categories are pre-populated automatically on Create | D63: Logged in to the Weibo Empire admin back-office as Super Admin/Admin with access to Rebate Management > Rebate programs. On the Create Real-time rebate program screen. | E63: 1. Open Create. 2. Review the rebate-rate table without adding any rows manually. | F63: No manual entry. - <<valid account>> - - - [from TC_REBATE_013] | G63: Every game category (Live Casino, Slot, Sportsbook, Fishing, eSports, Lottery, etc.) is already listed; there is no "Add game" control, consistent with the documented "all games included automatically" rule (see AQ-07 for the exact count). Should display all game according to the setup of real-time rebate | H63: No system state change; only the pre-populated table contents are verified. | J63: Pass | K63: High | L63: V. 3.11.0 | M63: 3/23/2026 | N63: Functional
A64: RBMP-044 | B64: Verify Real-time Rebate Rate Table functionality for accepting a 0% rate as no rebate for that category | C64: Setting a category's rate to 0% is accepted and means no rebate for that category | D64: Logged in to the Weibo Empire admin back-office as Super Admin/Admin with access to Rebate Management > Rebate programs. On the Create Real-time rebate program screen. | E64: 1. Set one category to 0%. 2. Click Submit. | F64: One category = 0%. | G64: Saves successfully; per the documented rule, 0% = no rebate for that category, not an error state. | H64: The program's rate for that category is saved at 0%. | K64: Medium | L64: v2.0 | M64: 46280 | N64: Functional
A65: RBMP-045 | B65: Verify Real-time Rebate Rate Table functionality for rejecting negative values in the rate field | C65: Rebate rate field rejects negative values | D65: Logged in to the Weibo Empire admin back-office as Super Admin/Admin with access to Rebate Management > Rebate programs. On the Create Real-time rebate program screen. | E65: 1. Enter a negative percentage on one category. 2. Click Submit. | F65: -1%. | G65: Submit is blocked with a validation message. | H65: The program's rate table remains at its last validly saved values. | K65: High | L65: v2.0 | M65: 46280 | N65: Negative
A66: RBMP-046 | B66: Verify Real-time Rebate Rate Table functionality for rejecting non-numeric input in the rate field | C66: Rebate rate field rejects non-numeric input | D66: Logged in to the Weibo Empire admin back-office as Super Admin/Admin with access to Rebate Management > Rebate programs. On the Create Real-time rebate program screen. | E66: 1. Enter text into a rate field. 2. Click Submit. | F66: "abc". | G66: Submit is blocked. | H66: The program's rate table remains at its last validly saved values. | K66: High | L66: v2.0 | M66: 46280 | N66: Negative
A67: RBMP-047 | B67: Verify Real-time Rebate Rate Table functionality for not requiring rates to sum to 100% across categories | C67: Rebate rates are NOT required to sum to 100% across categories | D67: Logged in to the Weibo Empire admin back-office as Super Admin/Admin with access to Rebate Management > Rebate programs. On the Create Real-time rebate program screen. | E67: 1. Set several categories to independent rates that don't sum to any particular total, e.g. 0.3%, 1.2%, 0.5%. 2. Click Submit. | F67: 0.3%, 1.2%, 0.5%, remaining categories at 0%. | G67: Submit succeeds — unlike a probability pool, each category's rate is an independent cashback percentage with no required total. | H67: The program is saved with each category's independent rate, with no enforced total. | K67: Medium | L67: v2.0 | M67: 46280 | N67: Functional
A68: RBMP-048 | B68: Verify Real-time Rebate Rate Table functionality for enforcing the maximum rate boundary per category | C68: Maximum rebate rate boundary per category | D68: Logged in to the Weibo Empire admin back-office as Super Admin/Admin with access to Rebate Management > Rebate programs. On the Create Real-time rebate program screen. | E68: 1. Enter a very high percentage (e.g. 100% or higher) on one category. 2. Click Submit. | F68: 100%, 150%. - <<valid account>> - - - - 124% - [from TC_REBATE_015] | G68: Confirm the maximum accepted rate against AQ-06; the field should reject values above any documented ceiling. Percentage cannot be greater than 100 or lower than 0 | H68: The program's rate for that category is saved only if within the confirmed valid ceiling (see AQ-06). | J68: Pass | K68: Medium | L68: V. 3.11.0 | M68: 3/23/2026 | N68: Boundary
A69: RBMP-049 | B69: Verify Real-time Rebate Rate Table functionality for supporting decimal precision on the rate | C69: Decimal precision on rebate rate | D69: Logged in to the Weibo Empire admin back-office as Super Admin/Admin with access to Rebate Management > Rebate programs. On the Create Real-time rebate program screen. | E69: 1. Enter a rate with several decimal places, e.g. 0.375%. 2. Click Submit. | F69: 0.375%. | G69: Confirm the supported decimal precision against AQ-06; the saved value should not silently round in a way that changes the intended rate. | H69: The program's rate for that category is saved at the confirmed supported precision (see AQ-06). | K69: Low | L69: v2.0 | M69: 46280 | N69: Boundary
A70: RBMP-050 | B70: Verify Real-time Rebate Rate Table functionality for applying an edited rate only to future settlement, not past settled amounts | C70: Editing a category's rate updates future settlement without altering past settled amounts | D70: Logged in to the Weibo Empire admin back-office as Super Admin/Admin with access to Rebate Management > Rebate programs. Modifying an existing Real-time rebate program. The program has prior settled rebate history. | E70: 1. Change a category's rate. 2. Click Update. 3. Check historical settlement records for that program. | F70: Change one category's rate on a program with settlement history. | G70: Past settled rebates keep the rate that was in effect at the time; only future settlements use the new rate (see AQ-13). | H70: Future settlements use the new rate; historical settled entries remain unchanged at their original rate. | K70: High | L70: v2.0 | M70: 46280 | N70: Integration
A71: A8. Real-time Settlement Processing
A72: RBMP-051 | B72: Verify Settlement functionality for crediting Real-time rebate immediately after each round's result | C72: Real-time rebate settles immediately after each round's result | D72: A test user is eligible for an Active Real-time program with a non-zero rate on at least one category. | E72: 1. Play/settle a round in a rebated game category. 2. Check the rebate credit timing. | F72: One qualifying round. | G72: The rebate is calculated and credited right after the round's result, consistent with "Settlement is handled by the system after the result." | H72: The user's account balance/report reflects the credited rebate immediately after the round. | K72: High | L72: v2.0 | M72: 46280 | N72: Functional
A73: RBMP-052 | B73: Verify Settlement functionality for handling a rebate that falls below the Real-time Min Claim threshold | C73: Rebate below the Real-time Min Claim threshold | D73: Global Min Claim set to a known value, e.g. 10. | E73: 1. Generate a calculated rebate below the Min Claim threshold. 2. Check whether it settles. | F73: Calculated rebate = 5, Min Claim = 10. | G73: Confirm against AQ-02/AQ-08 whether sub-threshold rebates are withheld, rolled over to the next cycle, or forfeited. | H73: System state matches the confirmed sub-threshold rule (see AQ-02/AQ-08) — the amount is withheld, rolled over, or forfeited. | K73: High | L73: v2.0 | M73: 46280 | N73: Boundary
A74: RBMP-053 | B74: Verify Real-time Settlement functionality for preventing settlement on an Inactive program even with a configured rate | C74: An Inactive program does not generate settlements even with a configured rate | D74: An Inactive Real-time program with a non-zero rate exists. | E74: 1. Generate qualifying activity under that program's assignment. 2. Check for a settlement. | F74: Inactive program, non-zero rate, qualifying activity. | G74: No rebate is calculated or credited while the program is Inactive. | H74: No rebate is credited; the user's account balance is unaffected by the inactive program. | K74: High | L74: v2.0 | M74: 46280 | N74: Negative
A75: RBMP-054 | B75: Verify Real-time Settlement functionality for preventing double-settlement on a retried or reprocessed batch | C75: No double-settlement on a retried or reprocessed batch | D75: A Real-time settlement has already been processed once for a given round. | E75: 1. Trigger/simulate the scheduler reprocessing the same cycle. 2. Check for duplicate credits. | F75: Reprocessed settlement cycle. | G75: The same day's rebate is not credited twice. | H75: The user's account reflects exactly one credited rebate for that cycle, not two. | K75: High | L75: v2.0 | M75: 46280 | N75: Negative
A76: RBMP-055 | B76: Verify Real-time Settlement functionality for tracing each credited rebate back to its program and rate in the report | C76: Settlement report/log reflects which program and rate produced each credited rebate | D76: At least one settled Real-time rebate exists. | E76: 1. Open the rebate report. 2. Inspect a settled entry. | F76: One settled rebate entry. | G76: The entry traces back to the specific program, category and rate used, supporting audit/reconciliation. | H76: No system state change; only the report's traceability to program/category/rate is verified. | K76: Medium | L76: v2.0 | M76: 46280 | N76: Functional
A77: — DAILY REBATE
A78: B1. Daily Rebate Program List
A79: RBMP-056 | B79: Verify Program List functionality for listing only Daily programs with correct summary data on that tab | C79: Daily tab lists only Daily programs with correct summary data | D79: Logged in to the Weibo Empire admin back-office as Super Admin/Admin with access to Rebate Management > Rebate programs. On the Rebate program setup screen. Daily rebate tab selected. At least 2 Daily programs exist. | E79: 1. Switch to the Daily rebate tab. 2. Review the program table. | F79: 2 sample Daily programs. | G79: Only Daily programs are listed; switching tabs never mixes Real-time and Daily rows together. | H79: No system state change; the list continues to reflect existing Daily program data. | K79: High | L79: v2.0 | M79: 46280 | N79: Functional
A80: RBMP-057 | B80: Verify Daily Program List functionality for searching/filtering the list by name or target | C80: Search/filter the program list by name or target | D80: Logged in to the Weibo Empire admin back-office as Super Admin/Admin with access to Rebate Management > Rebate programs. On the Rebate program setup screen. Daily rebate tab selected. | E80: 1. Enter a known program name (or Agent/User Group name) into the search box. 2. Apply the search. | F80: Search text matching "Sample 1". | G80: Only the matching program(s) are shown; clearing the search restores the full list. | H80: No system state change; only the displayed filtered results change. | K80: Medium | L80: v2.0 | M80: 46280 | N80: Functional
A81: RBMP-058 | B81: Verify Daily Program List functionality for filtering by Status — All, Active, or Inactive | C81: Filter by Status (All / Active / Inactive) | D81: Logged in to the Weibo Empire admin back-office as Super Admin/Admin with access to Rebate Management > Rebate programs. On the Rebate program setup screen. Daily rebate tab selected. A mix of Active and Inactive programs exist. | E81: 1. Set the status filter to Active. 2. Set it to Inactive. 3. Set it back to All. | F81: Mixed-status program set. | G81: Each filter shows only programs matching that status; All shows every program regardless of status. | H81: No system state change; only the displayed filtered results change. | K81: Medium | L81: v2.0 | M81: 46280 | N81: Functional
A82: RBMP-059 | B82: Verify Daily Program List functionality for opening the correct program pre-filled from Modify | C82: Modify action opens the correct program pre-filled | D82: Logged in to the Weibo Empire admin back-office as Super Admin/Admin with access to Rebate Management > Rebate programs. On the Rebate program setup screen. Daily rebate tab selected. | E82: 1. Click Modify on a specific program row. 2. Compare every field to that program's last-saved configuration. | F82: Any existing program with non-default groups and rates. | G82: Program Name, Status, Agent groups, User Groups and the game rebate-rate table are all pre-populated exactly as last saved. | H82: No system state change; the Modify screen simply displays the program's already-saved configuration. | K82: High | L82: v2.0 | M82: 46280 | N82: Functional
A83: RBMP-060 | B83: Verify Daily Program List functionality for requiring confirmation before Delete removes a program | C83: Delete requires confirmation and removes the program | D83: Logged in to the Weibo Empire admin back-office as Super Admin/Admin with access to Rebate Management > Rebate programs. On the Rebate program setup screen. Daily rebate tab selected. | E83: 1. Click Delete on a program row. 2. Observe the confirmation prompt. 3. Click Cancel, then repeat and Confirm. | F83: Any existing test program. | G83: Cancelling leaves the program untouched; confirming removes it from the list. | H83: The program is removed from the system if confirmed, or remains untouched if cancelled. | K83: High | L83: v2.0 | M83: 46280 | N83: Functional
A84: RBMP-061 | B84: Verify Daily Program List functionality for paginating the list | C84: Pagination on the program list | D84: Logged in to the Weibo Empire admin back-office as Super Admin/Admin with access to Rebate Management > Rebate programs. On the Rebate program setup screen. Daily rebate tab selected. More programs exist than fit on one page. | E84: 1. Create enough programs to exceed one page. 2. Use Previous/Next to page through the list. | F84: More than one page's worth of programs on one tab. | G84: "Showing X-Y of Z rebate programs" and page controls stay accurate on every page, independently per tab. | H84: No system state change; only the displayed page changes. | K84: Low | L84: v2.0 | M84: 46280 | N84: UI
A85: B2. Daily Global Rebate Settings
A86: RBMP-062 | B86: Verify Global Settings functionality for displaying the current saved Daily values | C86: Daily global settings display current saved values | D86: Logged in to the Weibo Empire admin back-office as Super Admin/Admin with access to Rebate Management > Rebate programs. On the Rebate program setup screen. Daily rebate tab selected. | E86: 1. View the Global daily rebate settings panel. | F86: Previously saved Release Time / Expire Time / Status. | G86: Release Time, Expire Time and Status all reflect the last-saved values. | H86: No system state change; displayed values match what was last saved. | K86: Medium | L86: v2.0 | M86: 46280 | N86: Functional
A87: RBMP-063 | B87: Verify Global Settings functionality for rejecting a Daily Release Time that exceeds Expire Time | C87: Daily Release Time cannot exceed Expire Time | D87: Logged in to the Weibo Empire admin back-office as Super Admin/Admin with access to Rebate Management > Rebate programs. On the Rebate program setup screen. Daily rebate tab selected. | E87: 1. Set Release Time to a value later than Expire Time. 2. Click Save. | F87: Release Time = 20:00; Expire Time = 18:00. - <<valid account>> - - - 15 - [from TC_REBATE_002] | G87: Save is blocked with a validation message, consistent with the documented rule that release time cannot exceed expiry time. - Should show validation message "Expiration time must be greater than release time" | H87: The Daily global settings remain at their last validly saved values. | J87: Pass | K87: High | L87: v2.0 | M87: 46280 | N87: Negative
A88: RBMP-064 | B88: Verify Global Settings functionality for counting Daily Release/Expire Time starting from 00:00 | C88: Daily Release/Expire Time counts from 00:00 | D88: Logged in to the Weibo Empire admin back-office as Super Admin/Admin with access to Rebate Management > Rebate programs. On the Rebate program setup screen. Daily rebate tab selected. | E88: 1. Set Release Time = 0 and Expire Time = 24. 2. Save. 3. Verify a program's claim window against the documented 00:00 start. | F88: Release Time = 0; Expire Time = 24. | G88: The claim window is computed starting at 00:00 each day, consistent with the documented rule. | H88: The Daily claim window is computed and applied starting at 00:00, as configured. | K88: Medium | L88: v2.0 | M88: 46280 | N88: Functional
A89: B3. Create Daily Rebate Program
A90: RBMP-065 | B90: Verify Create Program functionality for creating a Daily program with all fields valid | C90: Create a Daily rebate program with all fields valid | D90: Logged in to the Weibo Empire admin back-office as Super Admin/Admin with access to Rebate Management > Rebate programs. On the Create Daily rebate program screen. | E90: 1. Enter a unique Program Name. 2. Select Agent group(s) and User Group(s) whose pairing isn't used by another Daily program. 3. Set a rebate rate on at least one game category. 4. Click Submit. | F90: Name = "New Daily Rebate"; SLOT rate = 1.2%. | G90: The program is created and appears on the Daily tab with the entered data; Status defaults to Inactive unless changed. | H90: A new Daily rebate program exists, holding its Agent/User Group pairing(s) against future same-type duplicates. | K90: High | L90: v2.0 | M90: 46280 | N90: Functional
A91: RBMP-066 | B91: Verify Create Program functionality for returning to the correct tab on Back navigation | C91: Return/Back navigation from Create returns to the correct tab | D91: Logged in to the Weibo Empire admin back-office as Super Admin/Admin with access to Rebate Management > Rebate programs. On the Create Daily rebate program screen. | E91: 1. Click Return/Back without submitting. | F91: N/A. | G91: Returns to the Rebate program list with the Daily tab still active, not reset to Real-time. | H91: No system state change; only the returned-to tab is verified. | K91: Low | L91: v2.0 | M91: 46280 | N91: UI
A92: RBMP-067 | B92: Verify Daily Create Program functionality for fixing the rebate Type so it cannot be changed on the Create screen | C92: A program's rebate Type is fixed and cannot be changed on the Create screen | D92: Logged in to the Weibo Empire admin back-office as Super Admin/Admin with access to Rebate Management > Rebate programs. On the Create Daily rebate program screen. | E92: 1. Open Create from the Real-time tab and look for any control to change the program's type. 2. Repeat by opening Create from the Daily tab. | F92: N/A. | G92: No control exists to change type; a Real-time program can only be created from the Real-time tab's Create action, and likewise for Daily. | H92: No system state change; only the absence of a type-change control is verified. | K92: Medium | L92: v2.0 | M92: 46280 | N92: Functional
A93: RBMP-068 | B93: Verify Daily Create Program functionality for attempting to create a program with an empty Program Name | C93: Attempt to create a program with an empty Program Name | D93: Logged in to the Weibo Empire admin back-office as Super Admin/Admin with access to Rebate Management > Rebate programs. On the Create Daily rebate program screen. | E93: 1. Leave Program Name blank. 2. Complete the rest validly. 3. Click Submit. | F93: Name = "". | G93: Submit is blocked with a required-field message; no program is added. | H93: No new program is created; the program list is unchanged. | K93: High | L93: v2.0 | M93: 46280 | N93: Negative
A94: RBMP-069 | B94: Verify Daily Create Program functionality for attempting to create a program with no Agent group or no User Group selected | C94: Attempt to create a program with no Agent group or no User Group selected | D94: Logged in to the Weibo Empire admin back-office as Super Admin/Admin with access to Rebate Management > Rebate programs. On the Create Daily rebate program screen. | E94: 1. Leave the Agent group Selected column empty (or the User Group Selected column empty). 2. Click Submit. | F94: 0 Agent groups selected. | G94: Submit is blocked; the documented rule states every program must contain at least one Target Agent and one User Group. | H94: No new program is created unless empty group selection is confirmed acceptable (equivalent to AQ-08 in the Lucky Spin suite). | K94: High | L94: v2.0 | M94: 46280 | N94: Negative
A95: RBMP-070 | B95: Verify Daily Create Program functionality for blocking creation when the pairing duplicates another program of the same type | C95: Create is blocked when the pairing duplicates another program of the SAME type | D95: Logged in to the Weibo Empire admin back-office as Super Admin/Admin with access to Rebate Management > Rebate programs. On the Create Daily rebate program screen. Another Active Daily program already uses the target pairing. | E95: 1. Select Agent/User Group matching an existing Real-time program's pairing. 2. Click Submit. | F95: Pairing already used by an existing Real-time program. | G95: Submit is blocked with "Target Agent and User Group duplicate to other program"; no partial program is created. | H95: No new program is created; the pre-existing conflicting program's pairing is untouched. | K95: High | L95: v2.0 | M95: 46280 | N95: Negative
A96: RBMP-071 | B96: Verify Daily Create Program functionality for succeeding on resubmission after correcting a flagged duplicate-pairing conflict | C96: Resubmitting after correcting a flagged duplicate-pairing conflict succeeds | D96: Continuing directly from a blocked Daily submission due to a duplicate-pairing conflict. | E96: 1. Change only the conflicting group selection. 2. Click Submit again. | F96: Deselect the conflicting User Group only. | G96: Program Name and entered rates are preserved; Submit now succeeds. | H96: A new program now exists with the corrected pairing; the previously conflicting program is unaffected. | K96: Medium | L96: v2.0 | M96: 46280 | N96: Functional
A97: RBMP-072 | B97: Verify Daily Create Program functionality for defaulting a new program to Inactive regardless of entered data | C97: New program defaults to Inactive regardless of entered data | D97: Logged in to the Weibo Empire admin back-office as Super Admin/Admin with access to Rebate Management > Rebate programs. On the Create Daily rebate program screen. | E97: 1. Complete the form without touching Status. 2. Submit. | F97: Status left untouched. | G97: The created program shows Status = Inactive in the list, consistent with the documented default. | H97: The new program exists with Status = Inactive until explicitly activated. | K97: Medium | L97: v2.0 | M97: 46280 | N97: Functional
A98: RBMP-073 | B98: Verify Daily Create Program functionality for honoring an explicitly-set Active status on create | C98: Explicitly setting Status = Active on create is honored | D98: Logged in to the Weibo Empire admin back-office as Super Admin/Admin with access to Rebate Management > Rebate programs. On the Create Daily rebate program screen. | E98: 1. Change Status to Active before submitting. 2. Submit. | F98: Status = Active. | G98: The created program shows Status = Active in the list. | H98: The new program exists with Status = Active. | K98: Medium | L98: v2.0 | M98: 46280 | N98: Functional
A99: RBMP-074 | B99: Verify Daily Create Program functionality for discarding a partially-completed form on Cancel | C99: Cancel discards a partially-completed Create form | D99: Logged in to the Weibo Empire admin back-office as Super Admin/Admin with access to Rebate Management > Rebate programs. On the Create Daily rebate program screen. | E99: 1. Fill in several fields. 2. Click Cancel. | F99: Any partial entry. | G99: No program is created; the Program list is unchanged. | H99: No new program is created; the program list is unchanged. | K99: Medium | L99: v2.0 | M99: 46280 | N99: Functional
A100: RBMP-075 | B100: Verify Daily Create Program functionality for handling a Program Name identical to an existing program | C100: Create a program using a Program Name identical to an existing program | D100: Logged in to the Weibo Empire admin back-office as Super Admin/Admin with access to Rebate Management > Rebate programs. On the Create Daily rebate program screen. Another program already uses the name being entered. | E100: 1. Enter a Program Name that exactly matches an existing program (same or other type). 2. Complete the rest validly. 3. Click Submit. | F100: Name = an existing program's exact name. | G100: Confirm against AQ-04 whether duplicate Program Names are permitted, and whether uniqueness is scoped per type or global. | H100: System state matches the confirmed name-uniqueness rule (see AQ-04). | K100: Low | L100: v2.0 | M100: 46280 | N100: Negative
A101: RBMP-076 | B101: Verify Daily Create Program functionality for handling boundary input in the Program Name field, including very long text and special characters | C101: Program Name field boundary — very long text and special characters | D101: Logged in to the Weibo Empire admin back-office as Super Admin/Admin with access to Rebate Management > Rebate programs. On the Create Daily rebate program screen. | E101: 1. Enter a name at/above the expected character limit, including special characters/emoji. 2. Submit. | F101: 200+ character string with symbols and emoji. | G101: The field enforces a sensible maximum length and does not break the program list layout. | H101: Either a program with a safely-truncated name exists, or none was created if the input was rejected outright. | K101: Low | L101: v2.0 | M101: 46280 | N101: Boundary
...

Sheet Other Category
A1: Other Category — Test Cases
A2: TEST CASE ID | B2: TEST SCENARIO | C2: TEST CASE | D2: PRE-CONDITION | E2: TEST STEPS | F2: TEST DATA | G2: EXPECTED RESULTS | H2: POST CONDITION | I2: ACTUAL RESULT | J2: STATUS(PASS/FAIL) | K2: Important Level | L2: VERSION | M2: LAST UPDATE | N2: CASE TYPE
A3: 1. CATEGORY LIST
A4: OC-LST-001 | B4: Verify Category List functionality for displaying all categories with correct summary data | C4: Category list shows icon, name, games count, status, and order for every category | D4: Logged in to the Weibo Empire admin back-office as Super Admin/Admin with access to Product > Other Category. On the Other Category list screen. At least 2 categories exist. | E4: 1. Navigate to Product > Other Category. 2. Review the category list. | F4: Existing categories, e.g. "Popular Games", "Live Casino". | G4: Each row shows the correct Icon, Category name, Games count, Status, and Order matching that category's saved configuration. | H4: No system state change; the list continues to reflect existing category data. | K4: High | L4: v1.0 | M4: 46288 | N4: Functional
A5: OC-LST-002 | B5: Verify Category List functionality for searching the list by category name | C5: Search returns only categories matching the entered text | D5: Logged in to the Weibo Empire admin back-office as Super Admin/Admin with access to Product > Other Category. On the Other Category list screen. | E5: 1. Enter a known category name into the search box. 2. Apply the search. | F5: Search text matching "Popular". | G5: Only categories whose name matches are shown; clearing the search restores the full list. | H5: No system state change; only the displayed filtered results change. | K5: Medium | L5: v1.0 | M5: 46288 | N5: Functional
A6: OC-LST-003 | B6: Verify Category List functionality for filtering by Status | C6: Status filter shows only Active or only Inactive categories as selected | D6: Logged in to the Weibo Empire admin back-office as Super Admin/Admin with access to Product > Other Category. On the Other Category list screen. A mix of Active and Inactive categories exist. | E6: 1. Set the status filter to Active. 2. Set it to Inactive. 3. Set it back to All statuses. | F6: Mixed-status category set. | G6: Each filter shows only categories matching that status; All statuses shows every category. | H6: No system state change; only the displayed filtered results change. | K6: Medium | L6: v1.0 | M6: 46288 | N6: Functional
A7: OC-LST-004 | B7: Verify Category List functionality for previewing category names in a selected language | C7: Changing the list's language filter updates the Category name column to that language's translation | D7: Logged in to the Weibo Empire admin back-office as Super Admin/Admin with access to Product > Other Category. On the Other Category list screen. | E7: 1. Note the Category name shown for a category under the current language filter. 2. Change the language filter to a different supported language. 3. Re-check the same category's displayed name. | F7: Switch from 繁體 to English. | G7: The Category name column updates to show that category's name in the newly selected language, without changing any other column. | H7: No system state change; only the displayed language changes. | K7: Medium | L7: v1.0 | M7: 46288 | N7: Localization
A8: OC-LST-005 | B8: Verify Category List functionality for changing the number of rows shown per page | C8: Page-size selector controls how many categories are listed at once | D8: Logged in to the Weibo Empire admin back-office as Super Admin/Admin with access to Product > Other Category. On the Other Category list screen. More categories exist than the smallest available page size. | E8: 1. Change the per-page selector from 50 to a smaller value. 2. Observe the row count and pagination. | F8: Per-page = 10 (or smallest available option). | G8: The list shows no more than the selected number of rows; pagination updates to match. | H8: No system state change; only the displayed page size changes. | K8: Low | L8: v1.0 | M8: 46288 | N8: UI
A9: OC-LST-006 | B9: Verify Category List functionality for paginating the list | C9: Previous/Next controls navigate between pages of categories | D9: Logged in to the Weibo Empire admin back-office as Super Admin/Admin with access to Product > Other Category. On the Other Category list screen. More categories exist than fit on one page. | E9: 1. Click Next. 2. Click Previous. | F9: More than one page's worth of categories. | G9: "Showing X-Y of Z categories" and the page controls stay accurate on every page. | H9: No system state change; only the displayed page changes. | K9: Low | L9: v1.0 | M9: 46288 | N9: UI
A10: OC-LST-007 | B10: Verify Category List functionality for keeping the Games count accurate | C10: The Games column matches the actual number of games assigned via Manage Games | D10: Logged in to the Weibo Empire admin back-office as Super Admin/Admin with access to Product > Other Category. On the Other Category list screen. | E10: 1. Note a category's Games count. 2. Open Manage Games for that category and add one game. 3. Save and return to the list. | F10: Add 1 game to a category currently showing "8 games". | G10: The Games count updates to "9 games", matching the actual saved assignment count. | H10: The category's Games count reflects its current assignment total. | K10: High | L10: v1.0 | M10: 46288 | N10: Integration
A11: OC-LST-008 | B11: Verify Category List functionality for sorting categories by Display Order | C11: Categories are listed in ascending Display Order | D11: Logged in to the Weibo Empire admin back-office as Super Admin/Admin with access to Product > Other Category. On the Other Category list screen. At least 3 categories with distinct Order values exist. | E11: 1. Review the sequence of categories in the list. 2. Compare against each category's saved Order value. | F11: Categories with Order 01, 02, 03. | G11: Categories appear in ascending Order (lowest number first), consistent with the documented "lower numbers appear first" rule (see AQ-05 for tie-breaking when two categories share a value). | H11: No system state change; only the display sequence is verified. | K11: Medium | L11: v1.0 | M11: 46288 | N11: Functional
A12: 2. CREATE OTHER CATEGORY
A13: OC-CRT-001 | B13: Verify Create Category functionality for creating a category with all 12 language names, an icon, and a valid order | C13: Create succeeds with a complete, valid category | D13: Logged in to the Weibo Empire admin back-office as Super Admin/Admin with access to Product > Other Category. On the Create Other Category screen. | E13: 1. Enter a name for each of the 12 language tabs. 2. Upload a valid category icon. 3. Set Status = Active and Display order = 05. 4. Click Save & manage games. | F13: 繁體 name = "熱門遊戲"; English name = "Popular Games"; icon = valid PNG; order = 05. | G13: The category is created and the admin is taken to its Manage Games screen; the new category later appears in the list with the correct icon, status, and order. | H13: A new Other Category exists in the system, with all entered language names saved. | K13: High | L13: v1.0 | M13: 46288 | N13: Functional
A14: OC-CRT-002 | B14: Verify Create Category functionality for attempting to save with one or more language names left blank | C14: Creating a category while a language tab's name is empty | D14: Logged in to the Weibo Empire admin back-office as Super Admin/Admin with access to Product > Other Category. On the Create Other Category screen. | E14: 1. Fill in names for 11 of the 12 language tabs, leaving one blank. 2. Attempt to save. | F14: Bengali tab left empty. | G14: Confirm against AQ-01 whether all 12 names are mandatory; if so, save is blocked with a message naming the incomplete language(s). | H14: No new category is created unless a blank language name is confirmed acceptable (see AQ-01). | K14: High | L14: v1.0 | M14: 46288 | N14: Negative
A15: OC-CRT-003 | B15: Verify Create Category functionality for editing only the active language tab's name field | C15: The Category Name input shows and edits only the currently selected language tab | D15: Logged in to the Weibo Empire admin back-office as Super Admin/Admin with access to Product > Other Category. On the Create Other Category screen. | E15: 1. Select the English tab and note the input field's label and content. 2. Select the 日語 tab and compare. | F15: English vs. 日語 tabs. | G15: The field label and content change to match whichever tab is active; no other language's name is visible or editable at the same time. | H15: No system state change; only the active-tab display is verified. | K15: Medium | L15: v1.0 | M15: 46288 | N15: UI
A16: OC-CRT-004 | B16: Verify Create Category functionality for preserving already-entered names when switching language tabs | C16: Entering a name on one tab and switching away does not lose it | D16: Logged in to the Weibo Empire admin back-office as Super Admin/Admin with access to Product > Other Category. On the Create Other Category screen. | E16: 1. Enter a name on the English tab. 2. Switch to the Spain tab and enter a different name. 3. Switch back to English. | F16: English = "Popular Games"; Spain = "Juegos populares". | G16: The English tab still shows "Popular Games" after switching away and back; neither tab's value overwrote the other. | H16: Both language names remain held in the unsaved form state until Save is clicked. | K16: High | L16: v1.0 | M16: 46288 | N16: Functional
A17: OC-CRT-005 | B17: Verify Create Category functionality for accepting a PNG category icon | C17: Uploading a PNG file for the category icon | D17: Logged in to the Weibo Empire admin back-office as Super Admin/Admin with access to Product > Other Category. On the Create Other Category screen. | E17: 1. Click Upload category icon. 2. Select a valid .png file. | F17: A valid PNG image. | G17: The PNG uploads successfully and is shown as the selected icon. | H17: The category's icon is set to the uploaded PNG, pending Save. | K17: Medium | L17: v1.0 | M17: 46288 | N17: Functional
A18: OC-CRT-006 | B18: Verify Create Category functionality for accepting JPG and SVG category icons | C18: Uploading a JPG file, then an SVG file, for the category icon | D18: Logged in to the Weibo Empire admin back-office as Super Admin/Admin with access to Product > Other Category. On the Create Other Category screen. | E18: 1. Upload a valid .jpg file as the icon. 2. Replace it with a valid .svg file. | F18: A valid JPG, then a valid SVG. | G18: Both formats upload successfully, consistent with the documented "PNG, JPG or SVG" rule for category icons. | H18: The category's icon is set to the most recently uploaded file, pending Save. | K18: Medium | L18: v1.0 | M18: 46288 | N18: Functional
A19: OC-CRT-007 | B19: Verify Create Category functionality for rejecting an unsupported category icon file type | C19: Attempting to upload a GIF or PDF as the category icon | D19: Logged in to the Weibo Empire admin back-office as Super Admin/Admin with access to Product > Other Category. On the Create Other Category screen. | E19: 1. Click Upload category icon. 2. Attempt to select a .gif or .pdf file. | F19: An unsupported file type, e.g. .gif. | G19: The upload is rejected with a message naming the accepted formats (PNG, JPG, SVG). | H19: No icon is set from the rejected file; any previously uploaded icon is unchanged. | K19: High | L19: v1.0 | M19: 46288 | N19: Negative
A20: OC-CRT-008 | B20: Verify Create Category functionality for attempting to save without uploading an icon | C20: Creating a category with no icon selected | D20: Logged in to the Weibo Empire admin back-office as Super Admin/Admin with access to Product > Other Category. On the Create Other Category screen. | E20: 1. Fill in all 12 language names. 2. Leave Upload category icon empty. 3. Attempt to save. | F20: No icon file selected. | G20: Confirm whether an icon is mandatory; if so, save is blocked with a required-field message. | H20: No new category is created unless a missing icon is confirmed acceptable. | K20: Medium | L20: v1.0 | M20: 46288 | N20: Negative
A21: OC-CRT-009 | B21: Verify Create Category functionality for rejecting non-numeric input in Display order | C21: Entering letters or symbols into the Display order field | D21: Logged in to the Weibo Empire admin back-office as Super Admin/Admin with access to Product > Other Category. On the Create Other Category screen. | E21: 1. Enter non-numeric text into Display order, e.g. "abc". 2. Attempt to save. | F21: Display order = "abc". | G21: The field rejects non-numeric input, or save is blocked with a validation message. | H21: No new category is created; the order field remains at its prior or default value. | K21: Medium | L21: v1.0 | M21: 46288 | N21: Negative
A22: OC-CRT-010 | B22: Verify Create Category functionality for handling a Display order value already used by another category | C22: Creating a category with the same Order as an existing one | D22: Logged in to the Weibo Empire admin back-office as Super Admin/Admin with access to Product > Other Category. On the Create Other Category screen. Another category already uses Order = 01. | E22: 1. Set Display order = 01, matching an existing category. 2. Complete the rest validly and save. | F22: Order = 01 (duplicate). | G22: Confirm against AQ-05 whether duplicate Order values are allowed, auto-renumbered, or blocked, and how the list breaks the tie. | H22: System state matches whichever duplicate-order rule is confirmed. | K22: Medium | L22: v1.0 | M22: 46288 | N22: Boundary
A23: OC-CRT-011 | B23: Verify Create Category functionality for navigating to Manage Games immediately after saving | C23: Clicking Save & manage games opens Manage Games for the newly created category | D23: Logged in to the Weibo Empire admin back-office as Super Admin/Admin with access to Product > Other Category. On the Create Other Category screen. | E23: 1. Complete the form validly. 2. Click Save & manage games. | F23: A newly completed category form. | G23: The category is saved and the admin lands on the Manage Games screen scoped to this new category, with its name shown in the breadcrumb. | H23: The new category exists with zero games assigned until games are selected on the next screen. | K23: High | L23: v1.0 | M23: 46288 | N23: Functional
A24: OC-CRT-012 | B24: Verify Create Category functionality for discarding a partially-completed form on Cancel | C24: Clicking Cancel during Create does not save anything | D24: Logged in to the Weibo Empire admin back-office as Super Admin/Admin with access to Product > Other Category. On the Create Other Category screen. | E24: 1. Fill in several fields. 2. Click Cancel. | F24: Any partial entry. | G24: No new category is created; the category list is unchanged. | H24: No new category is created; the category list is unchanged. | K24: Medium | L24: v1.0 | M24: 46288 | N24: Functional
A25: 3. EDIT OTHER CATEGORY
A26: OC-EDT-001 | B26: Verify Edit Category functionality for opening an existing category pre-filled | C26: Edit loads every saved field correctly, including all 12 language names | D26: Logged in to the Weibo Empire admin back-office as Super Admin/Admin with access to Product > Other Category. On the Other Category list screen. An existing category with names in multiple languages is selected for Edit. | E26: 1. Click Edit on an existing category. 2. Check each of the 12 language tabs, plus icon, status, and order. | F26: An existing category, e.g. "Live Casino". | G26: Every field is pre-populated exactly as last saved, including the correct name under each language tab. | H26: No system state change; the Edit screen simply displays the category's already-saved configuration. | K26: High | L26: v1.0 | M26: 46288 | N26: Functional
A27: OC-EDT-002 | B27: Verify Edit Category functionality for editing a single language's name without affecting the others | C27: Changing only the English name leaves the other 11 languages untouched | D27: Logged in to the Weibo Empire admin back-office as Super Admin/Admin with access to Product > Other Category. Editing an existing Other Category. | E27: 1. Switch to the English tab and change the name. 2. Save. 3. Reopen Edit and check the other language tabs. | F27: Change English name only. | G27: Only the English name reflects the change; all other language names remain exactly as they were. | H27: The category's English name is updated; all other language names are unchanged. | K27: High | L27: v1.0 | M27: 46288 | N27: Functional
A28: OC-EDT-003 | B28: Verify Edit Category functionality for replacing the category icon | C28: Uploading a new icon during Edit replaces the previous one | D28: Logged in to the Weibo Empire admin back-office as Super Admin/Admin with access to Product > Other Category. Editing an existing Other Category. | E28: 1. Upload a new icon file. 2. Save. | F28: A new valid icon file. | G28: The category's icon updates to the new file everywhere it's displayed, including the list. | H28: The category's icon is replaced; the previous icon file is no longer referenced. | K28: Medium | L28: v1.0 | M28: 46288 | N28: Functional
A29: OC-EDT-004 | B29: Verify Edit Category functionality for toggling Status between Active and Inactive | C29: Changing Status and saving updates the category's visibility state | D29: Logged in to the Weibo Empire admin back-office as Super Admin/Admin with access to Product > Other Category. Editing an existing Other Category. | E29: 1. Change Status to Inactive. 2. Save. | F29: Toggle Active -> Inactive. | G29: The list reflects the new Status immediately; the category stops appearing on the client UI (see Client-Facing Display section). | H29: The category's Status is updated to the newly saved value. | K29: High | L29: v1.0 | M29: 46288 | N29: Functional
A30: OC-EDT-005 | B30: Verify Edit Category functionality for re-sorting the list after a Display order change | C30: Lowering a category's Order moves it earlier in the list | D30: Logged in to the Weibo Empire admin back-office as Super Admin/Admin with access to Product > Other Category. Editing an existing Other Category. | E30: 1. Change Display order to a lower number than currently used by other categories. 2. Save and return to the list. | F30: Change Order from 04 to 01. | G30: The category now appears earlier in the list, consistent with the ascending-Order sort rule. | H30: The category's position in the list reflects its new Order value. | K30: Medium | L30: v1.0 | M30: 46288 | N30: Functional
A31: OC-EDT-006 | B31: Verify Edit Category functionality for succeeding on Save when no changes were made | C31: Opening Edit and saving immediately without changes | D31: Logged in to the Weibo Empire admin back-office as Super Admin/Admin with access to Product > Other Category. Editing an existing Other Category. | E31: 1. Open Edit on an existing category. 2. Click Save immediately without changing anything. | F31: No changes. | G31: Save succeeds without error, since nothing was modified. | H31: The category's configuration is unchanged. | K31: Low | L31: v1.0 | M31: 46288 | N31: Functional
A32: OC-EDT-007 | B32: Verify Edit Category functionality for discarding changes on Cancel | C32: Changing fields and clicking Cancel does not save them | D32: Logged in to the Weibo Empire admin back-office as Super Admin/Admin with access to Product > Other Category. Editing an existing Other Category. | E32: 1. Change the icon and one language name. 2. Click Cancel. 3. Reopen Edit. | F32: Any edited value. | G32: The category reflects its last saved state; the cancelled edits are discarded. | H32: The category's configuration is unchanged from before the edit attempt. | K32: Medium | L32: v1.0 | M32: 46288 | N32: Functional
A33: OC-EDT-008 | B33: Verify Edit Category functionality for the primary save action's label and destination | C33: Confirming whether Edit's save button reads "Save" or "Save & manage games", and where it navigates | D33: Logged in to the Weibo Empire admin back-office as Super Admin/Admin with access to Product > Other Category. Editing an existing Other Category. | E33: 1. Note the exact label of the primary button on the Edit screen. 2. Click it and observe where the admin lands. | F33: N/A. | G33: Confirm against AQ-08 whether Edit behaves like Create (navigating into Manage Games) or saves in place and stays on the category list. | H33: System state matches whichever navigation behavior is confirmed for Edit. | K33: Low | L33: v1.0 | M33: 46288 | N33: UI
A34: 4. DELETE OTHER CATEGORY
A35: OC-DEL-001 | B35: Verify Delete Category functionality for showing the correct category name and assignment count in the confirmation | C35: The delete confirmation names the right category and its true game-assignment count | D35: Logged in to the Weibo Empire admin back-office as Super Admin/Admin with access to Product > Other Category. On the Other Category list screen. | E35: 1. Click Delete on a category with a known number of assigned games. 2. Read the confirmation dialog. | F35: A category showing "8 games" in the list. | G35: The dialog names that exact category and states "8 game assignments will be removed", matching the list's Games count. | H35: No system state change; only the confirmation dialog's content is verified. | K35: High | L35: v1.0 | M35: 46288 | N35: Functional
A36: OC-DEL-002 | B36: Verify Delete Category functionality for removing the category once deletion is confirmed | C36: Clicking Delete category in the confirmation removes it from the list | D36: Logged in to the Weibo Empire admin back-office as Super Admin/Admin with access to Product > Other Category. On the Other Category list screen. | E36: 1. Click Delete on a category. 2. Confirm by clicking Delete category. | F36: Any existing test category. | G36: The category no longer appears in the Other Category list. | H36: The category no longer exists in the system. | K36: High | L36: v1.0 | M36: 46288 | N36: Functional
A37: OC-DEL-003 | B37: Verify Delete Category functionality for allowing the delete confirmation to be cancelled | C37: Clicking Cancel in the confirmation dialog does not delete the category | D37: Logged in to the Weibo Empire admin back-office as Super Admin/Admin with access to Product > Other Category. On the Other Category list screen. | E37: 1. Click Delete on a category. 2. Click Cancel in the confirmation dialog. | F37: Any existing test category. | G37: The category remains in the list, fully unchanged. | H37: The category remains in the system, fully unchanged. | K37: Medium | L37: v1.0 | M37: 46288 | N37: Functional
A38: OC-DEL-004 | B38: Verify Delete Category functionality for keeping underlying games available after their category is deleted | C38: A game that was assigned to a deleted category still exists and can be assigned elsewhere | D38: Logged in to the Weibo Empire admin back-office as Super Admin/Admin with access to Product > Other Category. On the Other Category list screen. A category with at least one assigned game is selected for deletion. | E38: 1. Note a game assigned to the category about to be deleted. 2. Delete the category. 3. Open Manage Games for a different category and search for that same game. | F38: A game such as "Horse Racing" assigned to the deleted category. | G38: The game is still findable and selectable, consistent with the documented rule that underlying games and their global records remain available. | H38: The deleted category's game assignments are removed, but the games themselves remain in the system, unaffected. | K38: High | L38: v1.0 | M38: 46288 | N38: Integration
A39: OC-DEL-005 | B39: Verify Delete Category functionality for the fate of per-assignment banners once a category is deleted | C39: Checking whether banners uploaded for the deleted category's game assignments are removed or retained | D39: Logged in to the Weibo Empire admin back-office as Super Admin/Admin with access to Product > Other Category. On the Other Category list screen. A category with at least one game that has an uploaded banner is selected for deletion. | E39: 1. Delete the category. 2. Re-add the same game to a different (or the same, if re-created) category. | F39: A game with a previously uploaded banner, e.g. "Boxing Yes / No". | G39: Confirm against AQ-03 whether the old banner is gone (a fresh upload is required) or was retained and reused for the new assignment. | H39: System state matches whichever banner-retention rule is confirmed. | K39: Medium | L39: v1.0 | M39: 46288 | N39: Integration
A40: OC-DEL-006 | B40: Verify Delete Category functionality for deleting a category that has no games assigned | C40: Deleting a category showing "0 games" in the list | D40: Logged in to the Weibo Empire admin back-office as Super Admin/Admin with access to Product > Other Category. On the Other Category list screen. A category with 0 assigned games exists, e.g. "New Releases". | E40: 1. Click Delete on the zero-game category. 2. Read the confirmation wording. 3. Confirm the deletion. | F40: "New Releases", 0 games. | G40: The confirmation states 0 game assignments will be removed (or omits that line); the category is deleted without error. | H40: The category no longer exists in the system. | K40: Low | L40: v1.0 | M40: 46288 | N40: Boundary
A41: 5. MANAGE GAMES / GAME ASSIGNMENT
A42: OC-GAM-001 | B42: Verify Manage Games functionality for updating the selected-games counter when a game is selected | C42: Selecting an unselected game increments "N games selected" | D42: Logged in to the Weibo Empire admin back-office as Super Admin/Admin with access to Product > Other Category. On the Manage Games screen for an existing category. | E42: 1. Note the current "N games selected" count. 2. Click Select game on an unselected row. | F42: An unselected game, e.g. "Lucky Pick 3". | G42: The counter increments by 1 and the row's state changes to Selected. | H42: The game is now part of this category's selected-games list, pending Save. | K42: Medium | L42: v1.0 | M42: 46288 | N42: Functional
A43: OC-GAM-002 | B43: Verify Manage Games functionality for updating the counter when a game is deselected | C43: Deselecting a previously selected game decrements the counter | D43: Logged in to the Weibo Empire admin back-office as Super Admin/Admin with access to Product > Other Category. On the Manage Games screen for an existing category. At least one game is currently selected. | E43: 1. Deselect a currently selected game. | F43: A selected game, e.g. "Horse Racing". | G43: The counter decrements by 1 and the row's state changes to Not selected. | H43: The game is removed from this category's selected-games list, pending Save. | K43: Medium | L43: v1.0 | M43: 46288 | N43: Functional
A44: OC-GAM-003 | B44: Verify Manage Games functionality for searching the game list by name | C44: Search returns only games matching the entered text | D44: Logged in to the Weibo Empire admin back-office as Super Admin/Admin with access to Product > Other Category. On the Manage Games screen for an existing category. | E44: 1. Enter a known game name into Search games. | F44: Search text matching "Horse". | G44: Only matching games are shown; clearing the search restores the full list. | H44: No system state change; only the displayed filtered results change. | K44: Medium | L44: v1.0 | M44: 46288 | N44: Functional
A45: OC-GAM-004 | B45: Verify Manage Games functionality for filtering by a specific game | C45: The "All games" filter narrows the list to a chosen game | D45: Logged in to the Weibo Empire admin back-office as Super Admin/Admin with access to Product > Other Category. On the Manage Games screen for an existing category. | E45: 1. Change the game filter from All games to a specific game. | F45: Filter = "Live Sports". | G45: Only that game's row is shown. | H45: No system state change; only the displayed filtered results change. | K45: Low | L45: v1.0 | M45: 46288 | N45: UI
A46: OC-GAM-005 | B46: Verify Manage Games functionality for filtering by provider | C46: The "All providers" filter narrows the list to a chosen provider | D46: Logged in to the Weibo Empire admin back-office as Super Admin/Admin with access to Product > Other Category. On the Manage Games screen for an existing category. Games from at least two providers exist, e.g. Weibo Sports and Weibo Lottery. | E46: 1. Change the provider filter from All providers to a specific provider. | F46: Filter = "Weibo Lottery". | G46: Only games from that provider are shown, e.g. "Lucky Pick 3". | H46: No system state change; only the displayed filtered results change. | K46: Medium | L46: v1.0 | M46: 46288 | N46: Functional
A47: OC-GAM-006 | B47: Verify Manage Games functionality for allowing a game to be selected in more than one category | C47: A game already assigned to one category can still be selected in a different category | D47: Logged in to the Weibo Empire admin back-office as Super Admin/Admin with access to Product > Other Category. On the Manage Games screen for an existing category. The game being selected is already assigned to a different category. | E47: 1. Open Manage Games for a second category. 2. Select a game that is already assigned to a first category. 3. Save. | F47: A game such as "Horse Racing", already in "Popular Games". | G47: The game is accepted into the second category too, consistent with the documented rule that a game may appear in multiple Other Categories. | H47: The game is now assigned to both categories, each with its own independent banner assignment. | K47: High | L47: v1.0 | M47: 46288 | N47: Functional
A48: OC-GAM-007 | B48: Verify Manage Games functionality for blocking Save while a selected game still needs a banner | C48: Attempting to Save with the "1 selected game still needs a banner" warning showing | D48: Logged in to the Weibo Empire admin back-office as Super Admin/Admin with access to Product > Other Category. On the Manage Games screen for an existing category. At least one selected game has no banner uploaded. | E48: 1. Select a game without uploading a banner for it. 2. Click Save. | F48: A selected game with no banner, e.g. "Live Sports". | G48: Confirm against AQ-02 whether Save is hard-blocked until every selected game has a banner, or allowed through with the warning still visible afterward. | H48: System state matches whichever validation rule is confirmed for Save. | K48: High | L48: v1.0 | M48: 46288 | N48: Negative
A49: OC-GAM-008 | B49: Verify Manage Games functionality for saving successfully once all selected games have banners | C49: Save completes when the banner-required warning is fully cleared | D49: Logged in to the Weibo Empire admin back-office as Super Admin/Admin with access to Product > Other Category. On the Manage Games screen for an existing category. | E49: 1. Ensure every selected game has an uploaded banner. 2. Click Save. | F49: All selected games have banners. | G49: Save completes without the banner-required warning, and the assignment is persisted. | H49: The category's game and banner assignments are saved as configured. | K49: High | L49: v1.0 | M49: 46288 | N49: Functional
A50: OC-GAM-009 | B50: Verify Manage Games functionality for the fate of a banner when its game is deselected | C50: Deselecting a game that already has an uploaded banner | D50: Logged in to the Weibo Empire admin back-office as Super Admin/Admin with access to Product > Other Category. On the Manage Games screen for an existing category. A selected game already has an uploaded banner. | E50: 1. Deselect a game that currently has a banner. 2. Re-select the same game without leaving the screen. | F50: A previously selected game with a banner. | G50: Confirm whether the banner is discarded on deselect (requiring a fresh upload on re-select) or silently retained for the session. | H50: System state matches whichever retention rule is confirmed. | K50: Low | L50: v1.0 | M50: 46288 | N50: Negative
A51: OC-GAM-010 | B51: Verify Manage Games functionality for discarding selection changes on Cancel | C51: Selecting/deselecting games and clicking Cancel does not save the changes | D51: Logged in to the Weibo Empire admin back-office as Super Admin/Admin with access to Product > Other Category. On the Manage Games screen for an existing category. | E51: 1. Select one new game and deselect one existing game. 2. Click Cancel. 3. Reopen Manage Games for the same category. | F51: Any selection change. | G51: The category's game assignments reflect their last saved state; the cancelled changes are discarded. | H51: The category's game assignments are unchanged from before the edit attempt. | K51: Medium | L51: v1.0 | M51: 46288 | N51: Functional
A52: 6. UPLOAD & REPLACE GAME BANNER
A53: OC-BAN-001 | B53: Verify Upload Game Banner functionality for accepting a valid WEBP file | C53: Uploading a WEBP banner for a selected game | D53: Logged in to the Weibo Empire admin back-office as Super Admin/Admin with access to Product > Other Category. On the Manage Games screen for an existing category. Uploading a banner for a selected game. | E53: 1. Click Upload banner on a selected game with no banner yet. 2. Choose a valid .webp file. 3. Click Save banner. | F53: A valid WEBP image, roughly 4:3. | G53: The banner uploads successfully and is shown as that game's assignment-specific banner. | H53: The selected game's banner for this category assignment is set to the uploaded file. | K53: High | L53: v1.0 | M53: 46288 | N53: Functional
A54: OC-BAN-002 | B54: Verify Upload Game Banner functionality for accepting a valid JPG file | C54: Uploading a JPG banner for a selected game | D54: Logged in to the Weibo Empire admin back-office as Super Admin/Admin with access to Product > Other Category. On the Manage Games screen for an existing category. Uploading a banner for a selected game. | E54: 1. Choose a valid .jpg file. 2. Click Save banner. | F54: A valid JPG image. | G54: The banner uploads successfully, consistent with the documented "WEBP or JPG" rule. | H54: The selected game's banner for this category assignment is set to the uploaded file. | K54: High | L54: v1.0 | M54: 46288 | N54: Functional
A55: OC-BAN-003 | B55: Verify Upload Game Banner functionality for rejecting an unsupported file type | C55: Attempting to upload a PNG or GIF as a game banner | D55: Logged in to the Weibo Empire admin back-office as Super Admin/Admin with access to Product > Other Category. On the Manage Games screen for an existing category. Uploading a banner for a selected game. | E55: 1. Attempt to choose a .png or .gif file for the banner. | F55: A PNG file (not accepted for banners, unlike category icons). | G55: The upload is rejected with a message naming the accepted formats (WEBP, JPG) — note this differs from the category icon's PNG/JPG/SVG rule. | H55: No banner is set from the rejected file; any previously uploaded banner is unchanged. | K55: High | L55: v1.0 | M55: 46288 | N55: Negative
A56: OC-BAN-004 | B56: Verify Upload Game Banner functionality for handling an image that doesn't match the recommended aspect ratio | C56: Uploading a banner far from the recommended 4:3 ratio | D56: Logged in to the Weibo Empire admin back-office as Super Admin/Admin with access to Product > Other Category. On the Manage Games screen for an existing category. Uploading a banner for a selected game. | E56: 1. Choose a valid-format image with a very different aspect ratio, e.g. a tall 9:16 image. 2. Click Save banner. | F56: A 9:16 WEBP image. | G56: Confirm against AQ-04 whether the 4:3 ratio is enforced (upload blocked or the image is cropped) or purely a recommendation that's accepted as-is. | H56: System state matches whichever aspect-ratio rule is confirmed. | K56: Low | L56: v1.0 | M56: 46288 | N56: Boundary
A57: OC-BAN-005 | B57: Verify Upload Game Banner functionality for replacing an already-uploaded banner | C57: Clicking Replace banner on a game that already has one | D57: Logged in to the Weibo Empire admin back-office as Super Admin/Admin with access to Product > Other Category. On the Manage Games screen for an existing category. A selected game already has an uploaded banner. | E57: 1. Click Replace banner on a game with an existing banner. 2. Upload a different valid file. 3. Save banner. | F57: A new WEBP file replacing an existing banner. | G57: The old banner is overwritten; the new file is shown as the current banner for that assignment. | H57: The selected game's banner for this category assignment is updated to the new file. | K57: Medium | L57: v1.0 | M57: 46288 | N57: Functional
A58: OC-BAN-006 | B58: Verify Upload Game Banner functionality for scoping a banner upload to a single category assignment | C58: Uploading a banner for a game in one category does not change that same game's banner in a different category | D58: Logged in to the Weibo Empire admin back-office as Super Admin/Admin with access to Product > Other Category. On the Manage Games screen for an existing category. Uploading a banner for a selected game. The same game is also assigned, with its own banner, to a different category. | E58: 1. Upload a new banner for the game inside Category A. 2. Open Manage Games for Category B, which also has this game. 3. Check that game's banner there. | F58: A game assigned to both "Popular Games" and another category. | G58: Category B's banner for the game is unchanged; only Category A's assignment reflects the new upload, consistent with the documented "replaces only" scoping. | H58: Only the targeted category's banner assignment for that game is updated; all other assignments of the same game are unaffected. | K58: High | L58: v1.0 | M58: 46288 | N58: Integration
A59: OC-BAN-007 | B59: Verify Upload Game Banner functionality for discarding an upload on Cancel | C59: Selecting a file and clicking Cancel does not save the banner | D59: Logged in to the Weibo Empire admin back-office as Super Admin/Admin with access to Product > Other Category. On the Manage Games screen for an existing category. Uploading a banner for a selected game. | E59: 1. Choose a valid file in the upload dialog. 2. Click Cancel instead of Save banner. | F59: Any valid banner file. | G59: No banner is saved; the game's banner (or lack of one) remains as it was before opening the dialog. | H59: The selected game's banner assignment is unchanged from before the upload attempt. | K59: Medium | L59: v1.0 | M59: 46288 | N59: Functional
A60: OC-BAN-008 | B60: Verify Upload Game Banner functionality for accepting a drag-and-dropped file the same as a chosen one | C60: Dragging a valid file onto the drop zone behaves the same as "choose a file" | D60: Logged in to the Weibo Empire admin back-office as Super Admin/Admin with access to Product > Other Category. On the Manage Games screen for an existing category. Uploading a banner for a selected game. | E60: 1. Drag a valid WEBP file onto the drop zone instead of using "choose a file". 2. Click Save banner. | F60: A valid WEBP image, dragged in. | G60: The banner uploads and saves identically to the file-picker flow. | H60: The selected game's banner for this category assignment is set to the dragged-in file. | K60: Low | L60: v1.0 | M60: 46288 | N60: UI
A61: OC-BAN-009 | B61: Verify Upload Game Banner functionality for handling an oversized file | C61: Attempting to upload a banner file above the maximum accepted size | D61: Logged in to the Weibo Empire admin back-office as Super Admin/Admin with access to Product > Other Category. On the Manage Games screen for an existing category. Uploading a banner for a selected game. | E61: 1. Attempt to upload a very large valid-format file. 2. Observe the result. | F61: An oversized WEBP or JPG file. | G61: Confirm the maximum accepted file size against AQ-06; oversized files should be rejected with a clear message rather than failing silently or timing out. | H61: No banner is set from a rejected oversized file; any previously uploaded banner is unchanged. | K61: Medium | L61: v1.0 | M61: 46288 | N61: Boundary
A62: OC-BAN-010 | B62: Verify Upload Game Banner functionality for clearing the "banner required" warning once a banner is uploaded | C62: The per-game and overall banner-required warnings disappear after a successful upload | D62: Logged in to the Weibo Empire admin back-office as Super Admin/Admin with access to Product > Other Category. On the Manage Games screen for an existing category. A selected game currently shows "! Banner required". | E62: 1. Upload a valid banner for that game. 2. Save the banner. 3. Return to the Manage Games screen. | F62: A game previously flagged with "! Banner required". | G62: That game's row no longer shows the warning, and the overall "N selected game(s) still need a banner" message updates or disappears accordingly. | H62: The selected game's banner requirement is satisfied; the warning no longer applies to it. | K62: Medium | L62: v1.0 | M62: 46288 | N62: Functional
A63: 7. ACCESS CONTROL
A64: OC-ACC-001 | B64: Verify Access Control functionality for granting Super Admin full access to Other Category management | C64: Super Admin can Create, Edit, Delete categories and manage games/banners | D64: Logged in as a Super Admin test account. | E64: 1. Navigate to Product > Other Category. 2. Attempt Create, Edit, Delete, Manage games, and Upload banner. | F64: Super Admin test account. | G64: All actions are available and complete successfully. | H64: Every action attempted completes and is reflected in the system's data. | K64: High | L64: v1.0 | M64: 46288 | N64: Access
A65: OC-ACC-002 | B65: Verify Access Control functionality for defining the Admin role's access level to Other Category management | C65: Admin attempts the same actions as Super Admin | D65: Logged in as an Admin test account. | E65: 1. Navigate to Product > Other Category. 2. Attempt the same Create/Edit/Delete/Manage games actions as Super Admin. | F65: Admin test account. | G65: Confirm against AQ-07 whether Admin has full parity with Super Admin or a restricted subset. | H65: System state matches whichever actions are confirmed permitted for Admin. | K65: High | L65: v1.0 | M65: 46288 | N65: Access
A66: OC-ACC-003 | B66: Verify Access Control functionality for blocking Agent-role access to Other Category admin setup | C66: Agent role cannot access Other Category management | D66: Logged in as an Agent test account. | E66: 1. Check the side navigation for Product > Other Category. 2. Attempt to navigate directly to the Other Category URL. | F66: Agent test account. | G66: The menu item is hidden and/or direct navigation is blocked or redirected. | H66: No Other Category data is created, modified, or deleted; the Agent's session remains restricted. | K66: High | L66: v1.0 | M66: 46288 | N66: Negative
A67: OC-ACC-004 | B67: Verify Access Control functionality for blocking ordinary-user access to Other Category admin setup | C67: Ordinary user cannot access Other Category management | D67: Logged in as an ordinary user test account. | E67: 1. Repeat OC-ACC-003's steps for the user role. | F67: User test account. | G67: Same protection as OC-ACC-003 applies to the user role. | H67: No Other Category data is created, modified, or deleted; the user's session remains restricted. | K67: High | L67: v1.0 | M67: 46288 | N67: Negative
A68: OC-ACC-005 | B68: Verify Access Control functionality for blocking a direct deep-link without the proper role | C68: Direct deep-link to Create/Edit/Manage Games URLs without the proper role | D68: Logged in as a role without Other Category admin rights. | E68: 1. Obtain the Create, Edit, or Manage Games screen's URL from a Super Admin session. 2. Paste it directly into a browser logged in as a lower-privileged role. | F68: Direct URL to the Create Other Category screen. | G68: Unauthorized access is redirected or shown an access-denied state rather than the form itself. | H68: No Other Category data is created, modified, or deleted; the unauthorized session is redirected or denied. | K68: Medium | L68: v1.0 | M68: 46288 | N68: Access
A69: 8. LOCALIZATION
A70: OC-I18N-001 | B70: Verify Localization functionality for presenting all 12 supported language tabs correctly on Create/Edit | C70: All 12 language tabs are present, labeled, and selectable | D70: Logged in to the Weibo Empire admin back-office as Super Admin/Admin with access to Product > Other Category. On the Create Other Category screen. | E70: 1. Count and read the label of every language tab. 2. Select each tab in turn. | F70: The 12 supported languages. | G70: Exactly 12 tabs are shown, correctly labeled, and each becomes active and editable when selected. | H70: No system state change; only the tab set is verified. | K70: Medium | L70: v1.0 | M70: 46288 | N70: Localization
A71: OC-I18N-002 | B71: Verify Localization functionality for keeping the admin UI's own language independent of category-name language tabs | C71: Switching the admin UI's display language does not change which category-name tab is active | D71: Logged in to the Weibo Empire admin back-office as Super Admin/Admin with access to Product > Other Category. On the Create Other Category screen. | E71: 1. Select the Spain tab for the category name. 2. Switch the admin UI's own language selector (top right) to a different language. 3. Check which category-name tab is still active. | F71: Admin UI language switched from English to 繁體. | G71: The Spain category-name tab remains selected and its entered text is untouched; only the admin chrome's language changes. | H71: No system state change; only independence between the two language settings is verified. | K71: Medium | L71: v1.0 | M71: 46288 | N71: Localization
A72: OC-I18N-003 | B72: Verify Localization functionality for rendering the client-facing category name in the user's selected language | C72: Client UI shows the category name matching the end user's chosen language | D72: A category with distinct names saved for at least two languages. | E72: 1. View the category on the client platform with the language set to English. 2. Switch the client's language to 繁體. 3. Compare the displayed category name. | F72: English = "Popular Games"; 繁體 = "熱門遊戲". | G72: The client UI shows the correct name for whichever language is currently selected. | H72: No system state change; only the client-side rendered name is verified. | K72: High | L72: v1.0 | M72: 46288 | N72: Localization
A73: OC-I18N-004 | B73: Verify Localization functionality for the fallback when a language has no saved category name | C73: Client behavior for a language whose name field was left blank on admin side | D73: A category saved with one language's name left blank (assuming AQ-01 allows this). | E73: 1. View the category on the client platform under the language with no saved name. | F73: A category with e.g. Bengali left blank. | G73: Confirm against AQ-09 what the client shows for that language — blank, a default/base-language fallback, or the category hidden entirely for that language's users. | H73: No system state change; only the fallback behavior is verified. | K73: Medium | L73: v1.0 | M73: 46288 | N73: Localization
A74: OC-I18N-005 | B74: Verify Localization functionality for rendering static admin labels correctly in English and Chinese | C74: Buttons, hints, and warnings on the Other Category screens render correctly in both admin UI languages | D74: Logged in to the Weibo Empire admin back-office as Super Admin/Admin with access to Product > Other Category. On the Other Category list screen. | E74: 1. Review every label, button, hint, and warning across the List, Create, Edit, Delete, and Manage Games screens in English. 2. Repeat with the admin UI language set to 繁體. | F74: Admin UI language = English, then 繁體. | G74: No missing translation keys, placeholder text, or truncated labels appear on any screen in either language. | H74: No system state change; only display language is verified. | K74: Medium | L74: v1.0 | M74: 46288 | N74: Localization
A75: 9. CLIENT-FACING DISPLAY
A76: OC-CLI-001 | B76: Verify Client-Facing Display functionality for showing only Active categories to end users | C76: Inactive categories are excluded from the client-facing list | D76: A mix of Active and Inactive categories exist. | E76: 1. View the Other Category section on the client platform. 2. Compare against the admin-side Status of each category. | F76: Mixed-status category set. | G76: Only categories with Status = Active are visible to the end user. | H76: No system state change; only client-side visibility is verified. | K76: High | L76: v1.0 | M76: 46288 | N76: Functional
A77: OC-CLI-002 | B77: Verify Client-Facing Display functionality for fully hiding Inactive categories | C77: An Inactive category does not appear anywhere on the client UI, including deep links | D77: An Inactive category exists. | E77: 1. Attempt to reach the Inactive category via the client UI's normal navigation. 2. Attempt any direct client-side link to it, if one is known. | F77: An Inactive test category. | G77: The category is not reachable through normal navigation; a direct link either 404s or redirects rather than displaying it. | H77: No system state change; only client-side visibility is verified. | K77: High | L77: v1.0 | M77: 46288 | N77: Negative
A78: OC-CLI-003 | B78: Verify Client-Facing Display functionality for rendering categories in ascending Display Order | C78: Client-facing category order matches the admin-configured Order | D78: At least 3 Active categories with distinct Order values exist. | E78: 1. View the Other Category section on the client platform. 2. Compare the displayed sequence to each category's admin-side Order. | F78: Categories with Order 01, 02, 03. | G78: Categories render in the same ascending-Order sequence as the admin list. | H78: No system state change; only client-side ordering is verified. | K78: Medium | L78: v1.0 | M78: 46288 | N78: Functional
A79: OC-CLI-004 | B79: Verify Client-Facing Display functionality for a category with zero assigned games | C79: Client-side behavior for an Active category that has no games | D79: An Active category with 0 assigned games exists. | E79: 1. View the client platform's Other Category section. 2. Check whether the zero-game category appears. | F79: An Active, 0-game category. | G79: Confirm against AQ-10 whether an empty Active category is shown (as an empty section) or automatically hidden despite being Active. | H79: No system state change; only client-side behavior for this edge case is verified. | K79: Medium | L79: v1.0 | M79: 46288 | N79: Boundary
A80: OC-CLI-005 | B80: Verify Client-Facing Display functionality for rendering the category icon correctly | C80: The uploaded category icon displays correctly on the client UI | D80: A category with an uploaded icon exists. | E80: 1. View the category on the client platform. 2. Compare the rendered icon to the one uploaded in admin. | F80: A category with a distinct icon, e.g. a flame icon for "Popular Games". | G80: The correct icon renders at an appropriate size without distortion. | H80: No system state change; only client-side icon rendering is verified. | K80: Medium | L80: v1.0 | M80: 46288 | N80: Functional
A81: OC-CLI-006 | B81: Verify Client-Facing Display functionality for showing each game's own per-assignment banner | C81: A game's banner on the client UI matches the one uploaded for that specific category assignment | D81: A category with at least one game that has an uploaded banner exists. | E81: 1. View the category on the client platform. 2. Compare the displayed game banner to the one uploaded in Manage Games. | F81: A game such as "Horse Racing" with a known uploaded banner. | G81: The exact uploaded banner image renders for that game within that category. | H81: No system state change; only client-side banner rendering is verified. | K81: High | L81: v1.0 | M81: 46288 | N81: Functional
A82: OC-CLI-007 | B82: Verify Client-Facing Display functionality for showing the correct distinct banner when a game appears in multiple categories | C82: The same game shows a different, correct banner in each category it belongs to | D82: The same game is assigned to two different categories with two different banners uploaded. | E82: 1. View the game within Category A on the client platform. 2. View the same game within Category B. | F82: A game assigned to both "Popular Games" and another category, each with its own banner. | G82: Category A shows Category A's uploaded banner; Category B shows Category B's uploaded banner — never the wrong one. | H82: No system state change; only per-assignment client-side banner correctness is verified. | K82: High | L82: v1.0 | M82: 46288 | N82: Integration
A83: OC-CLI-008 | B83: Verify Client-Facing Display functionality for removing a deleted category from the client UI immediately | C83: Deleting a category on admin side removes it from the client platform without delay | D83: An Active category visible on the client platform. | E83: 1. Confirm the category is visible on the client platform. 2. Delete the category in admin. 3. Refresh the client platform. | F83: Any Active test category. | G83: The category no longer appears on the client UI after the admin-side deletion. | H83: The category no longer exists in the system, on either admin or client side. | K83: High | L83: v1.0 | M83: 46288 | N83: Integration
A84: OC-CLI-009 | B84: Verify Client-Facing Display functionality for reflecting the correct localized category name for the viewer | C84: A client user viewing in a given language always sees that language's saved category name | D84: A category with distinct names saved per language. | E84: 1. View the category as a client user with the language set to Vietnam. 2. Compare the displayed name to the Vietnamese name saved in admin. | F84: Vietnamese category name as saved in admin. | G84: The client UI shows the exact name saved for the viewer's selected language. | H84: No system state change; only client-side localized rendering is verified. | K84: Medium | L84: v1.0 | M84: 46288 | N84: Localization
A85: OC-CLI-010 | B85: Verify Client-Facing Display functionality for the fallback when a game has no uploaded banner | C85: Client-side behavior for a selected game whose banner was never uploaded | D85: A category is saved (or force-saved) with a selected game lacking a banner, per whichever rule AQ-02 confirms. | E85: 1. View that category on the client platform. 2. Check how the bannerless game renders, if it renders at all. | F85: A selected game with no banner. | G85: Confirm against AQ-02 and AQ-06 whether the client shows a placeholder image, omits the game entirely, or whether this state is actually unreachable because Save is blocked first. | H85: No system state change; only the client-side fallback behavior is verified. | K85: Medium | L85: v1.0 | M85: 46288 | N85: Boundary
A86: OC-CLI-011 | B86: Verify Client-Facing Display functionality for the new UI home page sections | C86: The new UI home page lists every category the client is served, in order, each with icon, name and More Games | D86: The client platform's new UI (https://test-v2.138hk.vip) is up and its category feed serves at least one Active category with games. Not signed in. | E86: 1. Open the home page as a visitor and choose New UI when asked. 2. Read the client's category feed (/api/member/game-category-features). 3. Compare the sections drawn on the home page with the feed. | F86: - | G86: One section per served category, in the feed's order; each headed with the served icon (loaded) and name, and offering More Games. | H86: No system state change. | K86: High | L86: v2.0 | M86: 46297 | N86: UI
A87: OC-CLI-012 | B87: Verify Client-Facing Display functionality for the game cards in a section | C87: Every card in a section draws the banner served for that game's assignment, one card per served game | D87: As OC-CLI-011. | E87: 1. Open the home page as a visitor in the New UI. 2. For each section, list the cards drawn and the games the feed serves for that category. | F87: - | G87: Each section has exactly one card per served game, in order; each card's image is the banner uploaded for that assignment (the catalogue image when there is none), loaded, and 160px wide on a PC. | H87: No system state change. | K87: High | L87: v2.0 | M87: 46297 | N87: UI
... A106: OC-CLI-031 | B106: Verify a signed-in member can open every game from the category pages | C106: A signed-in member can open every game on every category's own page | D106: As OC-CLI-030. | E106: 1. Open the home page in the New UI and sign in as the testing member. 2. For every category the feed serves: open its page (/en/game-category-features/{id}) and, for every game it serves, click the card drawing that game's banner and wait up to 10s for what the site does. 3. Record each game's outcome against its condition in the feed. | F106: qa00001 / password / 1111 | G106: As OC-CLI-030, from the category pages: every available game launches, no game asks the member to log in again, a maintenance game may decline with a maintenance notice. | H106: Every game window opened is closed; the member session is closed with the case. | K106: High | L106: v2.0 | M106: 46297 | N106: Functional
A107: 10. REGRESSION & DATA INTEGRITY
A108: OC-REG-001 | B108: Verify Regression functionality for keeping global game records intact after a category is deleted | C108: Deleting a category does not corrupt or remove the underlying global game catalog | D108: A category with assigned games is deleted. | E108: 1. Note the full global game catalog before deletion. 2. Delete a category with several assigned games. 3. Compare the global game catalog afterward. | F108: Global game catalog snapshot before/after. | G108: The global game catalog is identical in count and detail before and after; only the deleted category's assignments are gone. | H108: The global game catalog remains fully intact; no game records are lost or altered. | K108: High | L108: v1.0 | M108: 46288 | N108: Regression
A109: OC-REG-002 | B109: Verify Regression functionality for keeping a game correctly assigned to its other categories after one category is deleted | C109: A multi-category game loses only the deleted category's assignment, keeping the rest | D109: A game assigned to two categories, one of which is about to be deleted. | E109: 1. Confirm a game is assigned to both Category A and Category B. 2. Delete Category A. 3. Check the game's assignment to Category B. | F109: A game in both "Popular Games" and a second category. | G109: The game remains correctly assigned to Category B, with Category B's banner intact, after Category A is deleted. | H109: Only the deleted category's assignment is removed; the game's other category assignments are unaffected. | K109: High | L109: v1.0 | M109: 46288 | N109: Regression
A110: OC-REG-003 | B110: Verify Regression functionality for isolating Order and Status changes to the edited category only | C110: Changing one category's Order or Status does not alter any other category's saved values | D110: At least 3 categories exist. | E110: 1. Note the Order and Status of two categories not being edited. 2. Change a third category's Order and Status and save. 3. Re-check the two untouched categories. | F110: Three categories, only one edited. | G110: The two untouched categories retain their original Order and Status values exactly. | H110: Only the edited category's Order and Status change; all other categories are unaffected. | K110: Medium | L110: v1.0 | M110: 46288 | N110: Regression
A111: OC-REG-004 | B111: Verify Regression functionality for handling concurrent edits to the same category by two admins | C111: Two admin sessions editing the same category at nearly the same time | D111: Two Super Admin/Admin sessions are open on the same category's Edit screen. | E111: 1. In Session A, change the icon and save. 2. In Session B, opened before Session A saved, change a language name and save shortly after. | F111: Two concurrent edit sessions on the same category. | G111: Confirm whether the second save overwrites the first entirely (last-write-wins), merges the two sets of changes, or is rejected with a conflict message — this should be a deliberate, documented behavior, not undefined. | H111: System state matches whichever concurrency rule is confirmed. | K111: Medium | L111: v1.0 | M111: 46288 | N111: Integration

Sheet Notification
A1: Notification — Test Cases
A2: TEST CASE ID | B2: TEST SCENARIO | C2: TEST CASE | D2: PRE-CONDITION | E2: TEST STEPS | F2: TEST DATA | G2: EXPECTED RESULTS | H2: POST CONDITION | I2: ACTUAL RESULT | J2: STATUS(PASS/FAIL) | K2: Important Level | L2: VERSION | M2: LAST UPDATE | N2: CASE TYPE
A3: 1. NOTIFICATION LIST
A4: NOT-LST-001 | B4: Verify Notification List functionality for displaying all configured notifications with correct summary data | C4: List shows ID, Title, Type, Agent Group, Member Group, Schedule, Timer, Status, and Created At for every notification | D4: Logged in to the Weibo merchant admin back-office as Super Admin/Admin with access to Tool > Notification. On the Notification tab. At least 2 notifications exist. | E4: 1. Navigate to Tool > Notification. 2. Review the notification list. | F4: Existing notifications, e.g. "Daily mission promotion reminder", "VIP upgrade notification alert". | G4: Each row shows the correct ID, Title, Type, Agent Group, Member Group, Schedule, Timer, Status, and Created At matching that notification's saved configuration. | H4: No system state change; the list continues to reflect existing notification data. | K4: High | L4: v1.0 | M4: 2026-09-23 00:00:00 | N4: Functional
A5: NOT-LST-002 | B5: Verify Notification List functionality for filtering by Status | C5: Status filter shows only Active or only Inactive notifications as selected | D5: Logged in to the Weibo merchant admin back-office as Super Admin/Admin with access to Tool > Notification. On the Notification tab. A mix of Active and Inactive notifications exist. | E5: 1. Set the status filter to Active. 2. Set it to Inactive. | F5: Mixed-status notification set. | G5: Each filter shows only notifications matching that status. | H5: No system state change; only the displayed filtered results change. | K5: Medium | L5: v1.0 | M5: 2026-09-23 00:00:00 | N5: Functional
A6: NOT-LST-003 | B6: Verify Notification List functionality for filtering by Type | C6: The Type filter only ever shows System, since Deposit/Withdraw don't have admin-created rules under this screen | D6: Logged in to the Weibo merchant admin back-office as Super Admin/Admin with access to Tool > Notification. On the Notification tab. Notifications of more than one Type exist. | E6: 1. Change the Type filter from All to a specific type. | F6: Filter = "System". | G6: Confirmed (2026-09-26): this screen (Admin/Tool/Notification) only manages System-type, Non-Event-Trigger notifications. Deposit and Withdraw are separate, no-setup-required automatic notifications with no admin-created rules here — so filtering by Deposit or Withdraw here should show zero results (or the options may not appear at all), resolving AQ-01. | H6: No system state change; only the displayed filtered results change. | K6: Medium | L6: v1.3 | M6: 2026-09-26 00:00:00 | N6: Functional
A7: NOT-LST-004 | B7: Verify Notification List functionality for previewing the Title in a selected language | C7: Changing the list's language filter updates the displayed Title to that language's translation | D7: Logged in to the Weibo merchant admin back-office as Super Admin/Admin with access to Tool > Notification. On the Notification tab. | E7: 1. Note the Title shown for a notification under the current language filter. 2. Change the language filter to a different supported language. 3. Re-check the same notification's displayed Title. | F7: Switch from 繁體 to English. | G7: The Title column updates to that notification's title in the newly selected language, without changing any other column. | H7: No system state change; only the displayed language changes. | K7: Medium | L7: v1.0 | M7: 2026-09-23 00:00:00 | N7: Localization
A8: NOT-LST-005 | B8: Verify Notification List functionality for changing the number of rows shown per page | C8: Page-size selector controls how many notifications are listed at once | D8: Logged in to the Weibo merchant admin back-office as Super Admin/Admin with access to Tool > Notification. On the Notification tab. More notifications exist than the smallest available page size. | E8: 1. Change the per-page selector from 50 to a smaller value. | F8: Per-page = 10 (or smallest available option). | G8: The list shows no more than the selected number of rows; pagination updates to match. | H8: No system state change; only the displayed page size changes. | K8: Low | L8: v1.0 | M8: 2026-09-23 00:00:00 | N8: UI
A9: NOT-LST-006 | B9: Verify Notification List functionality for paginating the list | C9: Previous/Next controls navigate between pages of notifications | D9: Logged in to the Weibo merchant admin back-office as Super Admin/Admin with access to Tool > Notification. On the Notification tab. More notifications exist than fit on one page. | E9: 1. Click Next. 2. Click Prev. | F9: More than one page's worth of notifications. | G9: The page controls and entry count stay accurate on every page. | H9: No system state change; only the displayed page changes. | K9: Low | L9: v1.0 | M9: 2026-09-23 00:00:00 | N9: UI
A10: NOT-LST-007 | B10: Verify Notification List functionality for opening the correct notification for editing | C10: Clicking the edit icon on a row opens that exact notification pre-filled | D10: Logged in to the Weibo merchant admin back-office as Super Admin/Admin with access to Tool > Notification. On the Notification tab. | E10: 1. Click the edit (pencil) icon on a specific notification row. | F10: A specific notification, e.g. "Weekend deposit bonus reminder". | G10: The Add/Edit form opens pre-filled with that exact notification's saved data. | H10: No system state change; only navigation to the correct record is verified. | K10: High | L10: v1.0 | M10: 2026-09-23 00:00:00 | N10: Functional
A11: NOT-LST-008 | B11: Verify Notification List functionality for displaying "All" when a notification targets every Agent/Member Group | C11: A broadcast notification's Agent Group and Member Group columns both read "All" | D11: Logged in to the Weibo merchant admin back-office as Super Admin/Admin with access to Tool > Notification. On the Notification tab. A notification configured to target all groups exists, e.g. "Maintenance window heads-up notice". | E11: 1. Locate the broadcast notification in the list. 2. Check its Agent Group and Member Group columns. | F11: "Maintenance window heads-up notice". | G11: Both columns read "All", distinct from notifications targeting specific named groups. | H11: No system state change; only the display of broadcast targeting is verified. | K11: Medium | L11: v1.0 | M11: 2026-09-23 00:00:00 | N11: Functional
A12: NOT-LST-009 | B12: Verify Notification List functionality for how a Weekly-scheduled notification's Schedule is displayed | C12: The list shows the configured Week day alongside "Weekly", e.g. "Weekly (Sunday)" | D12: Logged in to the Weibo merchant admin back-office as Super Admin/Admin with access to Tool > Notification. On the Notification tab. A Weekly-scheduled notification exists. | E12: 1. Locate a Weekly-scheduled notification in the list. 2. Check its Schedule column. | F12: A Weekly notification set for Sunday. | G12: Confirmed (2026-09-26): the Schedule column reads "Weekly (Sunday)" style, including the configured day, not "Weekly" alone — resolving AQ-19. | H12: No system state change; only the list's display format for Weekly notifications is verified. | K12: Low | L12: v1.3 | M12: 2026-09-26 00:00:00 | N12: UI
A13: NOT-LST-010 | B13: Verify Notification List functionality for the First pager control | C13: The First control returns to the first page of notifications from a later page | D13: Logged in to the Weibo merchant admin back-office as Super Admin/Admin with access to Tool > Notification. More than one page of notifications at 20 per page. | E13: 1. Show 20 entries per page. 2. Click Next twice (or as far as the list allows). 3. Click First. | F13: The 50 seeded Inactive notifications (NOT-CRT-901). | G13: First lands on page 1 in one click, starting at entry 1 and showing the same rows page 1 showed. | H13: No system state change; only the displayed page changes. | K13: Low | L13: v1.4 | M13: 46295 | N13: UI
A14: NOT-LST-011 | B14: Verify Notification List functionality for the Last pager control | C14: The Last control jumps to the final page of notifications | D14: Logged in to the Weibo merchant admin back-office as Super Admin/Admin with access to Tool > Notification. More than one page of notifications at 20 per page. | E14: 1. Show 20 entries per page. 2. Click Last. | F14: The 50 seeded Inactive notifications (NOT-CRT-901). | G14: Last shows the final entries, ending at the total, and no page follows it. | H14: No system state change; only the displayed page changes. | K14: Low | L14: v1.4 | M14: 46295 | N14: UI
A15: NOT-LST-012 | B15: Verify Notification List functionality for a filter that matches nothing | C15: A filter that matches nothing shows an empty list with a zero count, not stale rows | D15: Logged in to the Weibo merchant admin back-office as Super Admin/Admin with access to Tool > Notification. On the Notification tab. | E15: 1. Set the Type filter to Deposit (or any type with no rule on this screen). 2. Read the table and the entry count. | F15: Type = Deposit. | G15: The table shows no rows, the entry count reads 0, and no rows from the previous filter remain. | H15: No system state change; only the display changes. | K15: Medium | L15: v1.4 | M15: 46295 | N15: UI
A16: NOT-LST-013 | B16: Verify Notification List functionality for combining the Status, Type and Language filters | C16: Status, Type and Language filters combine, and every row shown satisfies all three | D16: Logged in to the Weibo merchant admin back-office as Super Admin/Admin with access to Tool > Notification. Both an Active and an Inactive System rule exist. | E16: 1. Set Status to Inactive. 2. Set Type to System. 3. Set Language to English. 4. Read every row and the entry count. | F16: "QA NOT Daily mission promotion reminder" (Active) and "QA NOT VIP upgrade notification alert" (Inactive). | G16: Every row shown is Inactive and System with its English title; the Active rule is filtered out; the entry count covers the rows shown. | H16: No system state change; only the display changes. | K16: Medium | L16: v1.4 | M16: 46295 | N16: Functional
A17: NOT-LST-014 | B17: Verify Notification List functionality for keeping filters after Cancel on Edit | C17: Returning from Edit with Cancel keeps the list's Status and Language filters | D17: Logged in to the Weibo merchant admin back-office as Super Admin/Admin with access to Tool > Notification. An Inactive rule exists. | E17: 1. Set Status to Inactive and Language to English. 2. Click Edit on a listed rule. 3. Click Cancel. 4. Read the filters. | F17: "QA NOT VIP upgrade notification alert" (Inactive). | G17: The list reappears with Status still Inactive and Language still English. | H17: No system state change. | K17: Low | L17: v1.4 | M17: 46295 | N17: UI
A18: NOT-LST-015 | B18: Verify Notification List functionality for the default order | C18: Notifications are listed newest first, by ID | D18: Logged in to the Weibo merchant admin back-office as Super Admin/Admin with access to Tool > Notification. At least two notifications exist. | E18: 1. Read the ID column top to bottom. | F18: Any two or more notifications. | G18: Every row's ID is lower than the row above it: newest first. | H18: No system state change. | K18: Low | L18: v1.4 | M18: 46295 | N18: UI
A19: 2. CREATE NOTIFICATION
A20: NOT-CRT-001 | B20: Verify Create Notification functionality for creating a Daily-scheduled notification with all required fields valid | C20: Create succeeds with Title, Content, and Link filled, a valid Timer, and at least one target group | D20: Logged in to the Weibo merchant admin back-office as Super Admin/Admin with access to Tool > Notification. On the Add Notification screen. | E20: 1. Enter Title, Content, and Link for the 繁體 tab. 2. Set Type = System, Schedule = Daily, Timer = 12 AM, Status = Active. 3. Select at least one Agent Group and one Member Group. 4. Click Save Notification. | F20: Title = "Daily mission promotion reminder"; Schedule = Daily; Timer = 12 AM. | G20: The notification is created and appears in the Notification list with the correct Schedule and Timer. | H20: A new notification rule exists in the system, configured to fire daily at the specified time. | K20: High | L20: v1.0 | M20: 2026-09-23 00:00:00 | N20: Functional
A21: NOT-CRT-002 | B21: Verify Create Notification functionality for attempting to save with the required Title left blank | C21: Leaving Title empty on the active language tab blocks Save | D21: Logged in to the Weibo merchant admin back-office as Super Admin/Admin with access to Tool > Notification. On the Add Notification screen. | E21: 1. Leave Title blank on the 繁體 tab. 2. Fill Content and Link. 3. Attempt to save. | F21: Title = "". | G21: Save is blocked with a required-field message, consistent with Title's red-asterisk marking. | H21: No new notification is created. | K21: High | L21: v1.0 | M21: 2026-09-23 00:00:00 | N21: Negative
A22: NOT-CRT-003 | B22: Verify Create Notification functionality for attempting to save with the required Content left blank | C22: Leaving Content empty on the active language tab blocks Save | D22: Logged in to the Weibo merchant admin back-office as Super Admin/Admin with access to Tool > Notification. On the Add Notification screen. | E22: 1. Leave Content blank on the 繁體 tab. 2. Fill Title and Link. 3. Attempt to save. | F22: Content = "". | G22: Save is blocked with a required-field message. | H22: No new notification is created. | K22: High | L22: v1.0 | M22: 2026-09-23 00:00:00 | N22: Negative
A23: NOT-CRT-004 | B23: Verify Create Notification functionality for attempting to save with the required Link left blank | C23: Leaving Link empty on the active language tab blocks Save | D23: Logged in to the Weibo merchant admin back-office as Super Admin/Admin with access to Tool > Notification. On the Add Notification screen. | E23: 1. Leave Link blank on the 繁體 tab. 2. Fill Title and Content. 3. Attempt to save. | F23: Link = "". | G23: Save is blocked with a required-field message. | H23: No new notification is created. | K23: Medium | L23: v1.0 | M23: 2026-09-23 00:00:00 | N23: Negative
A24: NOT-CRT-005 | B24: Verify Create Notification functionality for rejecting an invalid Link URL | C24: Entering a malformed URL into Link | D24: Logged in to the Weibo merchant admin back-office as Super Admin/Admin with access to Tool > Notification. On the Add Notification screen. | E24: 1. Enter a malformed value into Link, e.g. "not a url". 2. Attempt to save. | F24: Link = "not a url". | G24: Confirmed (2026-09-26): Save is blocked with a validation message, since Link must be a well-formed URL — resolving AQ-05. | H24: No new notification is created; the Link field remains at its prior or default value. | K24: Medium | L24: v1.3 | M24: 2026-09-26 00:00:00 | N24: Negative
A25: NOT-CRT-006 | B25: Verify Create Notification functionality for requiring Title/Content/Link across all 12 language tabs, or only the active one | C25: Saving with only a non-mandatory language filled (e.g. 日語), leaving the required English, 简体, and 繁體 tabs blank | D25: Logged in to the Weibo merchant admin back-office as Super Admin/Admin with access to Tool > Notification. On the Add Notification screen. | E25: 1. Complete Title/Content/Link only for the 繁體 tab. 2. Leave all other 11 language tabs blank. 3. Attempt to save. | F25: Only 日語 completed; English, 简体, and 繁體 left blank. | G25: Corrected (2026-09-26): Save is blocked. English, 简体, and 繁體 are the three specifically required languages — filling a non-mandatory language alone does not satisfy the requirement, resolving AQ-02. | H25: No new notification is created until English, 简体, and 繁體 all have content. | K25: High | L25: v1.3 | M25: 2026-09-26 00:00:00 | N25: Negative
A26: NOT-CRT-007 | B26: Verify Create Notification functionality for saving successfully once the two mandatory languages are filled | C26: English, 简体, and 繁體 are sufficient to save; the other 9 languages need no content or Override | D26: Logged in to the Weibo merchant admin back-office as Super Admin/Admin with access to Tool > Notification. On the Add Notification screen. | E26: 1. Complete Title/Content/Link for English and for 简体. 2. Leave the other 10 language tabs blank. 3. Click Save Notification. | F26: English, 简体, and 繁體 completed; all other 9 languages left blank. | G26: Corrected (2026-09-26): Save succeeds. English, 简体, and 繁體 are the three required languages; the other 9 are genuinely optional and don't need Override or manual entry. | H26: A new notification exists with content in English, 简体, and 繁體 only; the other 9 languages have no saved content unless later added. | K26: High | L26: v1.3 | M26: 2026-09-26 00:00:00 | N26: Functional
A27: NOT-CRT-008 | B27: Verify Create Notification functionality for requiring both mandatory languages independently | C27: Filling only two of the three required languages (English, 简体) while leaving the third (繁體) blank still blocks Save | D27: Logged in to the Weibo merchant admin back-office as Super Admin/Admin with access to Tool > Notification. On the Add Notification screen. | E27: 1. Complete Title/Content/Link for English only. 2. Leave 简体 (and the other 10 languages) blank. 3. Attempt to save. | F27: English and 简体 completed; 繁體 left blank. | G27: Corrected (2026-09-26): Save is blocked. All three of English, 简体, and 繁體 are independently required — completing only two of the three is not sufficient. | H27: No new notification is created until English, 简体, and 繁體 all have content. | K27: High | L27: v1.3 | M27: 2026-09-26 00:00:00 | N27: Negative
A28: NOT-CRT-009 | B28: Verify Create Notification functionality for preserving already-entered content when switching language tabs | C28: Entering content on one tab and switching away does not lose it | D28: Logged in to the Weibo merchant admin back-office as Super Admin/Admin with access to Tool > Notification. On the Add Notification screen. | E28: 1. Enter Title/Content/Link on the English tab. 2. Switch to the Spain tab and enter different content. 3. Switch back to English. | F28: English and Spain tabs both populated. | G28: The English tab's content is still intact after switching away and back; neither tab overwrote the other. | H28: Both language versions remain held in the unsaved form state until Save is clicked. | K28: High | L28: v1.0 | M28: 2026-09-23 00:00:00 | N28: Functional
A29: NOT-CRT-010 | B29: Verify Create Notification functionality for the "Override above contents to" option copying content to a single chosen language | C29: Checking one specific language under Override copies the active tab's Title/Content to that language | D29: Logged in to the Weibo merchant admin back-office as Super Admin/Admin with access to Tool > Notification. On the Add Notification screen. | E29: 1. Complete Title and Content on the 繁體 tab. 2. Under "Override above contents to:", check only English. 3. Switch to the English tab. | F29: 繁體 content copied to English via Override. | G29: The English tab now shows the same Title/Content that was entered on 繁體, without needing to type it again. | H29: The notification's English content matches the 繁體 content it was overridden from, pending Save. | K29: High | L29: v1.1 | M29: 2026-09-26 00:00:00 | N29: Functional
A30: NOT-CRT-011 | B30: Verify Create Notification functionality for the "All languages" Override option copying content to every language tab at once | C30: Checking "All languages" propagates the active tab's content to all 12 tabs in one action | D30: Logged in to the Weibo merchant admin back-office as Super Admin/Admin with access to Tool > Notification. On the Add Notification screen. | E30: 1. Complete Title and Content on the 繁體 tab. 2. Check "All languages" under Override. 3. Spot-check three other language tabs. | F30: 繁體 content overridden to all 12 languages. | G30: Every language tab now shows the same content as 繁體 — this is likely the intended answer to AQ-02's mandatory-language question: type once and override, rather than 12 manual entries. | H30: The notification's content is identical across all 12 languages, pending Save. | K30: High | L30: v1.1 | M30: 2026-09-26 00:00:00 | N30: Functional
A31: NOT-CRT-012 | B31: Verify Create Notification functionality for still being able to customize a language's content after it was set via Override | C31: Editing one overridden language's content afterward does not revert or affect the others | D31: Logged in to the Weibo merchant admin back-office as Super Admin/Admin with access to Tool > Notification. On the Add Notification screen. Content was already copied to all languages via Override. | E31: 1. After using "All languages" Override, switch to the Spain tab. 2. Change its Content to something different. 3. Switch to another language tab, e.g. English. | F31: Spain content customized after an All-languages Override. | G31: Spain shows the newly customized content; English (and the rest) still shows the originally overridden content, unaffected by the Spain-specific edit. | H31: Spain's content diverges from the others; all other overridden languages remain as they were set. | K31: Medium | L31: v1.1 | M31: 2026-09-26 00:00:00 | N31: Functional
... A45: NOT-CRT-026 | B45: Verify Create Notification functionality for discarding a partially-completed form on Cancel | C45: Clicking Cancel during Add Notification does not save anything | D45: Logged in to the Weibo merchant admin back-office as Super Admin/Admin with access to Tool > Notification. On the Add Notification screen. | E45: 1. Fill in several fields. 2. Click Cancel. | F45: Any partial entry. | G45: No new notification is created; the notification list is unchanged. | H45: No new notification is created; the notification list is unchanged. | K45: Medium | L45: v1.0 | M45: 2026-09-23 00:00:00 | N45: Functional
A46: NOT-CRT-027 | B46: Verify Create Notification functionality for a Once rule with a Timer | C46: A Once notification with a Timer is sent when the Timer is reached and then sets itself Inactive | D46: Logged in to the Weibo merchant admin back-office as Super Admin/Admin with access to Tool > Notification. | E46: 1. Create a Once, Active notification with Timer set to the next whole hour. 2. Before the hour: read its Status and Record History. 3. Wait for the hour. 4. Read Record History and the rule's Status. | F46: "QA NOT Once At Timer", Schedule Once, Timer = next hour, Status Active, agents001 / Default 00. | G46: Before the hour the rule is Active with no history entry; at the hour exactly one Sent entry is logged; the rule then sets itself Inactive. | H46: The rule remains, Inactive, with one Record History entry. | K46: High | L46: v1.4 | M46: 46294 | N46: Functional
A47: NOT-CRT-028 | B47: Verify Create Notification functionality for unticking Override to All languages | C47: Ticking Override to All languages and unticking it again leaves the other languages blank, so Save shows the languages-required validation message | D47: Logged in to the Weibo merchant admin back-office as Super Admin/Admin with access to Tool > Notification. On the Add Notification screen. | E47: 1. Fill Title and Content on the 繁體 tab. 2. Tick Override above contents to: All languages. 3. Untick it again. 4. Select the target groups and click Save. | F47: "QA NOT Override Unticked", 繁體 Title and Content only. | G47: Save is refused with the "Title and Content are required for all languages" validation; nothing is added to the list. | H47: No new notification is created. | K47: High | L47: v1.4 | M47: 46295 | N47: Validation
A48: NOT-CRT-029 | B48: Verify Create Notification functionality for the form's defaults | C48: Add Notification opens with Type System, Schedule Once, Timer — and Status Active - defaults on which a rule is sent the moment it is saved | D48: Logged in to the Weibo merchant admin back-office as Super Admin/Admin with access to Tool > Notification. | E48: 1. Click + Add notification. 2. Read Type, Schedule, Timer, Status and both target modes before touching anything. | F48: None. | G48: Type System, Schedule Once, Timer —, Status Active, both targets on Select all. Note: a rule saved untouched on these defaults is sent immediately. | H48: No system state change. | K48: High | L48: v1.4 | M48: 46295 | N48: UI
A49: NOT-CRT-030 | B49: Verify Create Notification functionality for declining the send-now confirmation | C49: Declining the "save and send now?" confirmation of a Once rule with no Timer saves nothing and keeps the form open | D49: Logged in to the Weibo merchant admin back-office as Super Admin/Admin with access to Tool > Notification. On the Add Notification screen. | E49: 1. Fill the form as a Once rule with Timer —. 2. Click Save Notification. 3. Press Cancel on the "save and send now?" confirmation. 4. Check the form, the list and Record History. | F49: "QA NOT Declined Prompt", Once, Timer —, Active. | G49: The confirmation is asked; after Cancel the form stays open with its entries, nothing is listed and nothing is sent. | H49: No new notification is created. | K49: High | L49: v1.4 | M49: 46295 | N49: Functional
A50: NOT-CRT-031 | B50: Verify Create Notification functionality for whitespace-only Title and Content | C50: A Title or Content of spaces only is refused like an empty one | D50: Logged in to the Weibo merchant admin back-office as Super Admin/Admin with access to Tool > Notification. On the Add Notification screen. | E50: 1. Fill Title and a Content of spaces only on 繁體, Override to All languages, targets set; click Save. 2. Fill Content and a Title of spaces only; click Save. | F50: Content = " "; then Title = " ". | G50: Both saves are refused with the required-field validation; the form stays open. | H50: No new notification is created. | K50: High | L50: v1.4 | M50: 46295 | N50: Validation
A51: NOT-CRT-033 | B51: Verify Create Notification functionality for markup in Title and Content | C51: HTML and script tags typed into Title and Content save, are shown without the tags, and never run | D51: Logged in to the Weibo merchant admin back-office as Super Admin/Admin with access to Tool > Notification. On the Add Notification screen. | E51: 1. Fill a Title containing <b> tags and a Content containing a <script> tag. 2. Save (Inactive). 3. Read the list row and reopen the rule in Edit. | F51: Title "QA NOT <b>Tagged</b> title"; Content "<script>document.title='pwned'</script><i>italic</i> ...". | G51: The rule saves; the list shows the Title without its tags ("QA NOT Tagged title"), never the tags as literal text; no script runs on the list or the form. Whether the tags are stripped on save or hidden on display is recorded from the served rule, either is accepted. | H51: One Inactive notification, deleted by the suite afterwards. | K51: High | L51: v1.4 | M51: 46296 | N51: Security
A52: NOT-CRT-034 | B52: Verify Create Notification functionality for emoji and mixed-script text | C52: Emoji and mixed-script text in Title and Content survive Save and reload unchanged | D52: Logged in to the Weibo merchant admin back-office as Super Admin/Admin with access to Tool > Notification. On the Add Notification screen. | E52: 1. Fill a Title and Content containing emoji, 中文, ไทย and বাংলা. 2. Save (Inactive). 3. Read the list row and reopen the rule in Edit. | F52: Title "QA NOT Emoji 🎉 中文 ไทย বাংলা". | G52: The rule saves and every character is intact on the list and in Edit. | H52: One Inactive notification, deleted by the suite afterwards. | K52: Medium | L52: v1.4 | M52: 46295 | N52: Functional
A53: NOT-CRT-035 | B53: Verify Create Notification functionality for unticking a single-language Override | C53: Ticking Override to one language and unticking it again leaves that language blank, so Save shows the languages-required validation message | D53: Logged in to the Weibo merchant admin back-office as Super Admin/Admin with access to Tool > Notification. On the Add Notification screen. | E53: 1. Fill Title and Content on 繁體. 2. Tick Override to 简体 and to English. 3. Untick English. 4. Select the target groups and click Save. | F53: "QA NOT Override English Unticked". | G53: Save is refused with the languages-required validation because English is blank again; nothing is added. | H53: No new notification is created. | K53: Medium | L53: v1.4 | M53: 46295 | N53: Validation
A54: NOT-CRT-036 | B54: Verify Create Notification functionality for Override ticked before the source tab is filled | C54: Override ticked while the 繁體 tab is still blank - the other languages either follow the text typed afterwards or stay blank and block Save, never blank-and-saved | D54: Logged in to the Weibo merchant admin back-office as Super Admin/Admin with access to Tool > Notification. On the Add Notification screen. | E54: 1. Tick Override to All languages with 繁體 still blank. 2. Read the English tab. 3. Fill Title and Content on 繁體 and read English again. 4. Select the targets and click Save. | F54: "QA NOT Override Blank Source". | G54: Confirm whether Override is a one-shot copy or a mode: either the other languages carry the text and Save goes through, or they stay blank and Save is refused. A rule must never save with the other languages blank. | H54: At most one Inactive notification, deleted by the suite afterwards. | K54: Medium | L54: v1.4 | M54: 46295 | N54: Functional
A55: NOT-CRT-037 | B55: Verify Create Notification functionality for a duplicate Title | C55: A second rule with the identical Title is either listed beside the first or refused with a message, never silently dropped | D55: Logged in to the Weibo merchant admin back-office as Super Admin/Admin with access to Tool > Notification. A rule with the Title already exists. | E55: 1. Create a rule titled "QA NOT Duplicate Title" (Inactive). 2. Create a second rule with the same Title. 3. Count the rules with that Title. | F55: Two rules, identical Title, Inactive. | G55: Confirm whether Titles are unique: either both rules are listed, or the second is refused with a message. | H55: Up to two Inactive notifications, deleted by the suite afterwards. | K55: Low | L55: v1.4 | M55: 46295 | N55: Functional
A56: NOT-CRT-038 | B56: Verify Create Notification functionality for a Once Timer already past today | C56: A Once rule whose Timer hour is already past today is not sent immediately - it stays Active for that hour tomorrow | D56: Logged in to the Weibo merchant admin back-office as Super Admin/Admin with access to Tool > Notification. | E56: 1. Create a Once, Active rule with Timer set to the previous hour (Hong Kong Time). 2. Wait two minutes. 3. Read its Status, Timer and Record History. | F56: "QA NOT Once Past Hour", Timer = the hour before now. | G56: No Record History entry appears; the rule stays Active with the Timer it was saved with, to fire at that hour tomorrow. | H56: One Active Once notification, deleted by the suite afterwards. | K56: High | L56: v1.4 | M56: 46295 | N56: Functional
A57: 3. EDIT NOTIFICATION
A58: NOT-EDT-001 | B58: Verify Edit Notification functionality for opening an existing notification pre-filled | C58: Edit loads every saved field correctly, including all 12 language tabs | D58: Logged in to the Weibo merchant admin back-office as Super Admin/Admin with access to Tool > Notification. On the Notification tab. An existing notification with content in multiple languages is selected for Edit. | E58: 1. Click the edit icon on an existing notification. 2. Check each of the 12 language tabs, plus Type, Schedule, Timer, Status, and target groups. | F58: An existing notification, e.g. "VIP upgrade notification alert". | G58: Every field is pre-populated exactly as last saved, including the correct content under each language tab. | H58: No system state change; the Edit screen simply displays the notification's already-saved configuration. | K58: High | L58: v1.0 | M58: 2026-09-23 00:00:00 | N58: Functional
A59: NOT-EDT-002 | B59: Verify Edit Notification functionality for editing a single language's Content without affecting the others | C59: Changing only the English content leaves the other 11 languages untouched | D59: Logged in to the Weibo merchant admin back-office as Super Admin/Admin with access to Tool > Notification. Editing an existing notification. | E59: 1. Switch to the English tab and change the Content. 2. Save. 3. Reopen Edit and check the other language tabs. | F59: Change English content only. | G59: Only the English content reflects the change; all other language content remains exactly as it was. | H59: The notification's English content is updated; all other language content is unchanged. | K59: High | L59: v1.0 | M59: 2026-09-23 00:00:00 | N59: Functional
A60: NOT-EDT-003 | B60: Verify Edit Notification functionality for changing Schedule from Once to Daily and setting a Timer | C60: Editing a one-time notification into a recurring one | D60: Logged in to the Weibo merchant admin back-office as Super Admin/Admin with access to Tool > Notification. Editing an existing notification. | E60: 1. Change Schedule from Once to Daily. 2. Set a Timer value. 3. Save. | F60: Schedule: Once -> Daily; Timer = 09 AM. | G60: The notification now recurs daily at the configured time going forward. | H60: The notification's Schedule and Timer are updated to the newly saved values. | K60: Medium | L60: v1.0 | M60: 2026-09-23 00:00:00 | N60: Functional
A61: NOT-EDT-004 | B61: Verify Edit Notification functionality for the effect of setting Status to Inactive on a recurring notification | C61: Setting an Active recurring notification to Inactive stops it from firing | D61: Logged in to the Weibo merchant admin back-office as Super Admin/Admin with access to Tool > Notification. Editing an existing notification. | E61: 1. Change Status to Inactive on a Daily-scheduled notification. 2. Save. 3. Check Record History after the next scheduled Timer passes. | F61: An Active Daily notification set to Inactive. | G61: Confirmed (2026-09-26): no new Record History entry appears after the notification is set Inactive — Inactive reliably blocks sending, resolving AQ-16. | H61: The notification's Status is Inactive; it produces no further Record History entries until reactivated. | K61: High | L61: v1.2 | M61: 2026-09-26 00:00:00 | N61: Functional
A62: NOT-EDT-005 | B62: Verify Edit Notification functionality for leaving historical Record History entries unaffected when target groups are changed | C62: Changing a notification's Agent/Member Group targets does not retroactively alter already-sent Record History entries | D62: Logged in to the Weibo merchant admin back-office as Super Admin/Admin with access to Tool > Notification. Editing an existing notification. The notification has at least one existing Record History entry. | E62: 1. Note the Agent Group and Member Group shown on an existing Record History entry for this notification. 2. Edit the notification and change its Agent Group/Member Group targets. 3. Save. 4. Re-open the same historical Record History entry. | F62: Change target groups after a prior send exists. | G62: Confirmed (2026-09-26): the historical entry keeps its original, as-sent target groups. Changing a notification's Agent/Member Group targets afterward has no effect on any Record History entry that was already created, resolving AQ-06. | H62: The edited notification's current targets change going forward; every existing Record History entry keeps the target groups it was actually sent to. | K62: High | L62: v1.2 | M62: 2026-09-26 00:00:00 | N62: Integration
A63: NOT-EDT-006 | B63: Verify Edit Notification functionality for discarding changes on Cancel | C63: Changing fields and clicking Cancel does not save them | D63: Logged in to the Weibo merchant admin back-office as Super Admin/Admin with access to Tool > Notification. Editing an existing notification. | E63: 1. Change the Content and the target groups. 2. Click Cancel. 3. Reopen Edit. | F63: Any edited value. | G63: The notification reflects its last saved state; the cancelled edits are discarded. | H63: The notification's configuration is unchanged from before the edit attempt. | K63: Medium | L63: v1.0 | M63: 2026-09-23 00:00:00 | N63: Functional
A64: NOT-EDT-007 | B64: Verify Edit Notification functionality for clearing a required field | C64: Clearing the required Title on Edit is refused with the same validation as Create | D64: Logged in to the Weibo merchant admin back-office as Super Admin/Admin with access to Tool > Notification. An existing rule. | E64: 1. Open the rule in Edit. 2. Clear the 繁體 Title. 3. Click Save. | F64: "QA NOT Edit Clear Title". | G64: Save is refused with the required-field validation; the form stays open; the rule keeps its Title. | H64: The rule is unchanged. | K64: High | L64: v1.4 | M64: 46295 | N64: Validation
A65: NOT-EDT-008 | B65: Verify Edit Notification functionality for renaming | C65: Editing the 繁體 Title updates the list row at once, with the same ID and Created At | D65: Logged in to the Weibo merchant admin back-office as Super Admin/Admin with access to Tool > Notification. An existing rule. | E65: 1. Note the rule's ID and Created At. 2. Open it in Edit, change the 繁體 Title, Save. 3. Read the list. | F65: "QA NOT Rename Me" renamed to "QA NOT Renamed". | G65: The old Title is gone; the rule is listed under the new Title with the same ID and Created At. | H65: The rule keeps its new Title until deleted by the suite. | K65: Medium | L65: v1.4 | M65: 46295 | N65: Functional
A66: NOT-EDT-009 | B66: Verify Edit Notification functionality for changing Daily to Weekly | C66: Changing Daily to Weekly on Edit shows Week day and saves it - the list reads the day and hour | D66: Logged in to the Weibo merchant admin back-office as Super Admin/Admin with access to Tool > Notification. A Daily rule exists. | E66: 1. Open the Daily rule in Edit. 2. Set Schedule to Weekly, Week day Sunday, Timer 08 PM. 3. Save and read the list. | F66: "QA NOT Daily To Weekly". | G66: Week day appears when Weekly is chosen; the list shows Schedule Weekly and Timer "Sunday/08 PM". | H66: The rule is Weekly until deleted by the suite. | K66: Medium | L66: v1.4 | M66: 46295 | N66: Functional
A67: NOT-EDT-010 | B67: Verify Edit Notification functionality for re-activating a Daily rule | C67: Setting an Inactive Daily notification back to Active resumes firing at its Timer | D67: Logged in to the Weibo merchant admin back-office as Super Admin/Admin with access to Tool > Notification. An Inactive Daily rule with Timer at the next hour. | E67: 1. Open the Inactive rule in Edit and set Status Active; Save. 2. Wait for its Timer hour. 3. Read Record History. | F67: "QA NOT Reactivated Daily", Timer = next hour. | G67: The rule fires once at its Timer and logs one Sent entry. | H67: The rule remains Active until deleted by the suite. | K67: High | L67: v1.4 | M67: 46295 | N67: Integration
A68: NOT-EDT-011 | B68: Verify Edit Notification functionality for re-activating a sent Once rule | C68: Re-activating a Once rule that has already sent either sends it once more and ends Inactive again, or leaves it unsent - never sends it repeatedly | D68: Logged in to the Weibo merchant admin back-office as Super Admin/Admin with access to Tool > Notification. A Once rule that has sent and set itself Inactive. | E68: 1. Create a Once rule with Timer — (sent on save; wait until Inactive). 2. Open it in Edit, set Status Active, Save. 3. Watch Status and Record History for two minutes. | F68: "QA NOT Once Again". | G68: Confirm whether a sent Once rule can be re-sent: either exactly one more entry and Status Inactive again, or no new entry. Never more than one further send. | H68: The rule remains until deleted by the suite. | K68: High | L68: v1.4 | M68: 46295 | N68: Functional
A69: NOT-EDT-012 | B69: Verify Edit Notification functionality for widening targets to Select all | C69: Switching both targets from Optional to Select all on Edit saves as All / All | D69: Logged in to the Weibo merchant admin back-office as Super Admin/Admin with access to Tool > Notification. A targeted rule exists. | E69: 1. Open the rule in Edit. 2. Choose Select all on Agent Group and on Member group. 3. Save and read the list. | F69: "QA NOT Widen To All" (Inactive). | G69: The list row reads All for Agent Group and All for Member group. | H69: The rule targets All / All until deleted by the suite. | K69: Medium | L69: v1.4 | M69: 46295 | N69: Functional
A70: NOT-EDT-013 | B70: Verify Edit Notification functionality for removing the Link | C70: Removing the Link on Edit saves, and the next delivery carries no link | D70: Logged in to the Weibo merchant admin back-office as Super Admin/Admin with access to Tool > Notification. A rule with a Link exists. | E70: 1. Open the rule in Edit, clear the Link, Save. 2. Reopen Edit and read the Link. 3. Send Now and open the new Record History entry's details. | F70: "QA NOT Drop Link". | G70: The Link is saved empty and the delivery's details show no link. | H70: One Record History entry; the rule is deleted by the suite afterwards. | K70: Low | L70: v1.4 | M70: 46295 | N70: Functional
A71: 4. DELETE NOTIFICATION
A72: NOT-DEL-001 | B72: Verify Delete Notification functionality for requiring confirmation before removing a notification | C72: Clicking the delete icon prompts for confirmation before removal | D72: Logged in to the Weibo merchant admin back-office as Super Admin/Admin with access to Tool > Notification. On the Notification tab. | E72: 1. Click the delete (trash) icon on a notification row. | F72: Any existing test notification. | G72: Confirmed (2026-09-26): a confirmation dialog appears before deletion, matching the same delete-confirmation pattern used elsewhere on this platform (Prize Pool, Other Category) — resolving AQ-04. | H72: No system state change until the confirmation dialog is addressed. | K72: High | L72: v1.2 | M72: 2026-09-26 00:00:00 | N72: Functional
A73: NOT-DEL-002 | B73: Verify Delete Notification functionality for removing the notification once deletion is confirmed | C73: Confirming deletion removes the notification from the list | D73: Logged in to the Weibo merchant admin back-office as Super Admin/Admin with access to Tool > Notification. On the Notification tab. | E73: 1. Click Delete on a notification. 2. Confirm the deletion. | F73: Any existing test notification. | G73: The notification no longer appears in the Notification list. | H73: The notification rule no longer exists in the system. | K73: High | L73: v1.0 | M73: 2026-09-23 00:00:00 | N73: Functional
A74: NOT-DEL-003 | B74: Verify Delete Notification functionality for allowing the delete confirmation to be cancelled | C74: Cancelling the confirmation leaves the notification untouched | D74: Logged in to the Weibo merchant admin back-office as Super Admin/Admin with access to Tool > Notification. On the Notification tab. | E74: 1. Click Delete on a notification. 2. Cancel the confirmation. | F74: Any existing test notification. | G74: The notification remains in the list, fully unchanged. | H74: The notification remains in the system, fully unchanged. | K74: Medium | L74: v1.0 | M74: 2026-09-23 00:00:00 | N74: Functional
A75: NOT-DEL-004 | B75: Verify Delete Notification functionality for the fate of Record History when its source notification is deleted | C75: Deleting a notification rule that already has sent history | D75: Logged in to the Weibo merchant admin back-office as Super Admin/Admin with access to Tool > Notification. On the Notification tab. A notification with at least one Record History entry is selected for deletion. | E75: 1. Delete a notification that has previous Record History entries. 2. Check the Record History tab afterward. | F75: "Daily mission promotion reminder", which has Record History entries. | G75: Confirm whether past Record History entries remain visible as an audit trail, or are removed along with the rule. | H75: System state matches whichever history-retention rule is confirmed. | K75: High | L75: v1.0 | M75: 2026-09-23 00:00:00 | N75: Integration
A76: NOT-DEL-005 | B76: Verify Delete Notification functionality for stopping future firings | C76: Deleting an Active Daily rule stops its future firings | D76: Logged in to the Weibo merchant admin back-office as Super Admin/Admin with access to Tool > Notification. An Active Daily rule with Timer at the next hour. | E76: 1. Delete the rule and confirm. 2. Wait for its Timer hour. 3. Read Record History for the rule's title. | F76: "QA NOT Delete Before Firing", Timer = next hour. | G76: The rule is gone before its Timer and no Record History entry appears for it afterwards. | H76: The rule no longer exists. | K76: High | L76: v1.4 | M76: 46295 | N76: Integration
A77: NOT-DEL-006 | B77: Verify Delete Notification functionality for a message already delivered | C77: A message already delivered stays in the member's inbox after its rule is deleted | D77: Logged in to the Weibo merchant admin back-office as Super Admin/Admin with access to Tool > Notification, and to the client app as a targeted member. | E77: 1. Create a broadcast rule and Send Now. 2. Confirm the message reached the member's Message Center. 3. Delete the rule and confirm. 4. Refresh Message Center. | F77: "QA NOT Delete After Delivery", Select all on both groups; member qa000092. | G77: The rule is deleted; the delivered message is still listed in Message Center. | H77: The rule no longer exists; the delivered message remains. | K77: Medium | L77: v1.4 | M77: 46295 | N77: Integration
A78: 5. SEND NOW (ROW ACTION)
A79: NOT-ACT-001 | B79: Verify Notification List functionality for the Send Now row action | C79: The circular-arrow icon is a Send button that pushes the notification immediately | D79: Logged in to the Weibo merchant admin back-office as Super Admin/Admin with access to Tool > Notification. On the Notification tab. | E79: 1. Click the third (circular arrow) action icon on a notification row. 2. Observe the result. | F79: Any existing notification. | G79: Confirmed (2026-09-26): this is a Send Now action — clicking it pushes the notification immediately, resolving AQ-03. | H79: A new Record History entry is created for this immediate send. | K79: Medium | L79: v1.2 | M79: 2026-09-26 00:00:00 | N79: UI
A80: NOT-ACT-002 | B80: Verify Notification List functionality for a resend action creating a new Record History entry | C80: Clicking Send Now logs a fresh Record History entry | D80: Logged in to the Weibo merchant admin back-office as Super Admin/Admin with access to Tool > Notification. On the Notification tab. | E80: 1. Click the resend icon on a notification. 2. Check the Record History tab. | F80: A resent notification. | G80: A new Record History entry appears with a current Released At timestamp and Sent status. | H80: A new Record History entry exists, distinct from any prior sends of the same notification. | K80: Medium | L80: v1.2 | M80: 2026-09-26 00:00:00 | N80: Functional
A81: NOT-ACT-003 | B81: Verify Notification List functionality for a resend action leaving the original schedule untouched | C81: Send Now does not alter the rule's own Schedule or Timer | D81: Logged in to the Weibo merchant admin back-office as Super Admin/Admin with access to Tool > Notification. On the Notification tab. | E81: 1. Note a recurring notification's Schedule and Timer. 2. Click the resend icon. 3. Re-check the Schedule and Timer. | F81: A Daily-scheduled notification. | G81: The Schedule and Timer remain exactly as they were; only a new send/record is triggered. | H81: The notification's own configuration is unchanged; only a new Record History entry is added. | K81: Medium | L81: v1.2 | M81: 2026-09-26 00:00:00 | N81: Functional
A82: NOT-ACT-004 | B82: Verify Send Now functionality on an Inactive rule | C82: Send Now on an Inactive rule either sends and logs it or refuses with a message - never does nothing silently - and leaves the Status Inactive | D82: Logged in to the Weibo merchant admin back-office as Super Admin/Admin with access to Tool > Notification. An Inactive rule exists. | E82: 1. Click Send Now on the Inactive rule. 2. Read the page's message, Record History and the rule's Status. | F82: "QA NOT Send Now Inactive" (Inactive). | G82: Confirm whether Send Now bypasses Status: either a Sent entry is logged or the action is refused with a message. The Status stays Inactive either way. | H82: The rule stays Inactive. | K82: High | L82: v1.4 | M82: 46295 | N82: Functional
A83: NOT-ACT-005 | B83: Verify Send Now functionality for repeated clicks | C83: Two Send Now clicks in a row log two separate Record History entries | D83: Logged in to the Weibo merchant admin back-office as Super Admin/Admin with access to Tool > Notification. The Send Now rule exists. | E83: 1. Click Send Now. 2. Click Send Now again. 3. Read Record History. | F83: "QA NOT Send now to everyone". | G83: Two new entries with different IDs are logged, one per click. | H83: Two Record History entries; two deliveries to the members. | K83: Medium | L83: v1.4 | M83: 46295 | N83: Functional
A84: 6. TARGET DELIVERY GROUPS
A85: NOT-GRP-001 | B85: Verify Target Delivery Groups functionality for the Available Agent Group list reflecting currently configured Agent Groups | C85: Newly created Agent Groups elsewhere appear here without a workaround | D85: Logged in to the Weibo merchant admin back-office as Super Admin/Admin with access to Tool > Notification. On the Add Notification screen. A new Agent Group was just created in Agent management. | E85: 1. Create a new Agent Group in Agent management. 2. Return to Add Notification and check the Agent Group Available list. | F85: A newly created Agent Group. | G85: The new group appears as a selectable option without requiring logout/login. | H85: No system state change beyond the new group's own creation; it is now available for selection here. | K85: Low | L85: v1.0 | M85: 2026-09-23 00:00:00 | N85: Integration
A86: NOT-GRP-002 | B86: Verify Target Delivery Groups functionality for the same behavior on Member Group | C86: Newly created Member Groups elsewhere appear here without a workaround | D86: Logged in to the Weibo merchant admin back-office as Super Admin/Admin with access to Tool > Notification. On the Add Notification screen. A new Member Group was just created in Member Management. | E86: 1. Create a new Member Group in Member Management. 2. Return to Add Notification and check the Member Group Available list. | F86: A newly created Member Group. | G86: The new group appears as a selectable option without requiring logout/login. | H86: No system state change beyond the new group's own creation; it is now available for selection here. | K86: Low | L86: v1.0 | M86: 2026-09-23 00:00:00 | N86: Integration
A87: NOT-GRP-003 | B87: Verify Target Delivery Groups functionality for selecting "All" as a broadcast target | C87: Confirming how a notification is configured to reach every Agent/Member Group | D87: Logged in to the Weibo merchant admin back-office as Super Admin/Admin with access to Tool > Notification. On the Add Notification screen. | E87: 1. Look for an explicit "All" option versus selecting every individual group manually. 2. Configure the notification to broadcast to everyone. | F87: A broadcast-intent notification. | G87: Confirm whether "All" is a distinct selectable option or is only achieved via Select all moving every current group into Selected (which would not auto-include groups created later). | H87: The notification's targeting matches whichever broadcast mechanism is confirmed. | K87: Medium | L87: v1.0 | M87: 2026-09-23 00:00:00 | N87: Functional
A88: NOT-GRP-004 | B88: Verify Target Delivery Groups functionality for allowing two different notifications to target the identical Agent+Member Group pairing | C88: Two notifications targeting the identical Agent+Member Group pairing both save without any conflict error | D88: Logged in to the Weibo merchant admin back-office as Super Admin/Admin with access to Tool > Notification. On the Add Notification screen. Another notification already targets a specific Agent+Member Group pairing. | E88: 1. Create a second notification targeting the identical Agent Group and Member Group as an existing one. 2. Save. | F88: Two notifications both targeting Agent Group A + Member Group A. | G88: Confirmed (2026-09-26): overlapping targets across different notifications are accepted without a conflict error — notifications are additive broadcasts, not exclusive assignments like Lucky Spin/Rebate programs, resolving AQ-15. | H88: Both notifications coexist, each independently targeting the same group pairing; both will send to that pairing on their own schedules. | K88: Medium | L88: v1.3 | M88: 2026-09-26 00:00:00 | N88: Functional
A89: NOT-GRP-005 | B89: Verify Target Delivery Groups functionality for the Select all control on Agent Group | C89: Select all moves every available Agent Group into Selected | D89: Logged in to the Weibo merchant admin back-office as Super Admin/Admin with access to Tool > Notification. On the Add Notification screen. | E89: 1. Click Select all above Agent Group. | F89: All available Agent Groups. | G89: Every available Agent Group moves into Selected. | H89: No system state change; only the on-screen selection is affected, pending Save. | K89: Medium | L89: v1.0 | M89: 2026-09-23 00:00:00 | N89: Functional
A90: NOT-GRP-006 | B90: Verify Target Delivery Groups functionality for the Select all control on Member Group | C90: Select all moves every available Member Group into Selected | D90: Logged in to the Weibo merchant admin back-office as Super Admin/Admin with access to Tool > Notification. On the Add Notification screen. | E90: 1. Click Select all above Member Group. | F90: All available Member Groups. | G90: Every available Member Group moves into Selected. | H90: No system state change; only the on-screen selection is affected, pending Save. | K90: Medium | L90: v1.0 | M90: 2026-09-23 00:00:00 | N90: Functional
A91: NOT-GRP-007 | B91: Verify Target Delivery Groups functionality for removing a single previously-selected group | C91: The single left-arrow moves one item back to Available | D91: Logged in to the Weibo merchant admin back-office as Super Admin/Admin with access to Tool > Notification. Editing an existing notification. | E91: 1. Select one item in the Member Group Selected column. 2. Click the single left arrow. | F91: One previously-selected Member Group. | G91: That item returns to Available; the remaining selections are unaffected. | H91: No system state change; only the on-screen selection is affected, pending Save. | K91: Low | L91: v1.0 | M91: 2026-09-23 00:00:00 | N91: Functional
A92: NOT-GRP-008 | B92: Verify Target Delivery Groups functionality for the clear-all control on Agent Group | C92: The double left arrow («) empties the entire Selected column at once | D92: Logged in to the Weibo merchant admin back-office as Super Admin/Admin with access to Tool > Notification. Editing an existing notification. Several Agent Groups are currently selected. | E92: 1. Click the clear-all («) control on Agent Group. | F92: Multiple selected Agent Groups. | G92: All Selected Agent Groups return to Available in one action. | H92: No system state change; only the on-screen selection is affected, pending Save. | K92: Low | L92: v1.0 | M92: 2026-09-23 00:00:00 | N92: Functional
A93: NOT-GRP-009 | B93: Verify Target Delivery Groups functionality for allowing one Agent Group paired with multiple Member Groups | C93: Selecting a single Agent Group alongside several Member Groups saves successfully (1-to-many) | D93: Logged in to the Weibo merchant admin back-office as Super Admin/Admin with access to Tool > Notification. On the Add Notification screen. | E93: 1. Select one Agent Group. 2. Select three Member Groups. 3. Save. | F93: 1 Agent Group + 3 Member Groups. | G93: Confirmed (2026-09-26): Save succeeds — targeting is not restricted to a 1:1 pairing; one Agent Group can be combined with multiple Member Groups. | H93: The notification targets the cross-product of the 1 Agent Group and all 3 Member Groups. | K93: Medium | L93: v1.3 | M93: 2026-09-26 00:00:00 | N93: Functional
A94: NOT-GRP-010 | B94: Verify Target Delivery Groups functionality for allowing multiple Agent Groups paired with a single Member Group | C94: Selecting several Agent Groups alongside one Member Group saves successfully (many-to-1) | D94: Logged in to the Weibo merchant admin back-office as Super Admin/Admin with access to Tool > Notification. On the Add Notification screen. | E94: 1. Select three Agent Groups. 2. Select one Member Group. 3. Save. | F94: 3 Agent Groups + 1 Member Group. | G94: Confirmed (2026-09-26): Save succeeds, mirroring the 1-to-many case in the other direction. | H94: The notification targets the cross-product of all 3 Agent Groups and the 1 Member Group. | K94: Medium | L94: v1.3 | M94: 2026-09-26 00:00:00 | N94: Functional
A95: NOT-GRP-011 | B95: Verify Target Delivery Groups functionality for selecting multiple Agent Groups and multiple Member Groups at once | C95: A true many-to-many combination (multiple Agent Groups and multiple Member Groups at once) saves successfully | D95: Logged in to the Weibo merchant admin back-office as Super Admin/Admin with access to Tool > Notification. On the Add Notification screen. | E95: 1. Select two or more Agent Groups. 2. Select two or more Member Groups in the same notification. 3. Attempt to save. | F95: 2 Agent Groups + 2 Member Groups. | G95: Confirmed (2026-09-26): many-to-many is also permitted — the dual-list-box does not restrict more-than-one selections to only one side at a time, resolving AQ-20. Combined with the earlier findings, targeting cardinality is fully unrestricted in every direction: 1-to-1, 1-to-many, many-to-1, and many-to-many all work. | H95: The notification targets the full cross-product of every selected Agent Group and every selected Member Group. | K95: Medium | L95: v1.3 | M95: 2026-09-26 00:00:00 | N95: Boundary
A96: NOT-GRP-012 | B96: Verify Target Delivery Groups functionality for Optional with nothing selected | C96: Optional chosen on Agent Group with nothing moved to Selected is refused at Save | D96: Logged in to the Weibo merchant admin back-office as Super Admin/Admin with access to Tool > Notification. On the Add Notification screen. | E96: 1. Fill every required field. 2. Choose Optional on Agent Group and leave Selected empty. 3. Choose Optional on Member group and move Default 00 into Selected. 4. Click Save. | F96: "QA NOT Optional No Agent", Inactive. | G96: Save is refused with a validation message naming the missing Agent Group; nothing is added. (GD-136: the shipped form accepts it and saves Agent Group All.) | H96: No new notification is created. | K96: High | L96: v1.4 | M96: 46295 | N96: Validation
A97: 7. RECORD HISTORY LIST
A98: NOT-RHL-001 | B98: Verify Record History functionality for displaying all send records with correct summary data | C98: Record History lists ID, Notification Title, Type, Agent Group, Member Group, Released At, and Status for every send | D98: Logged in to the Weibo merchant admin back-office as Super Admin/Admin with access to Tool > Notification. On the Record History tab. | E98: 1. Switch to the Record History tab. 2. Review the list. | F98: Existing history entries, e.g. ID 5081, 5080. | G98: Each row shows the correct ID, Title, Type, target groups, Released At, and Status for that specific send. | H98: No system state change; the list continues to reflect existing history data. | K98: High | L98: v1.0 | M98: 2026-09-23 00:00:00 | N98: Functional
A99: NOT-RHL-002 | B99: Verify Record History functionality for filtering by delivery Status | C99: Status filter (All/Sent/Pending/Failed) narrows the history list | D99: Logged in to the Weibo merchant admin back-office as Super Admin/Admin with access to Tool > Notification. On the Record History tab. Entries with Sent, Pending, and Failed statuses all exist. | E99: 1. Set the status filter to Sent. 2. Set it to Pending. 3. Set it to Failed. | F99: Mixed-status history entries. | G99: Each filter shows only entries matching that delivery status. | H99: No system state change; only the displayed filtered results change. | K99: Medium | L99: v1.0 | M99: 2026-09-23 00:00:00 | N99: Functional
A100: NOT-RHL-003 | B100: Verify Record History functionality for filtering by date range | C100: From/To date filters narrow the history to that window | D100: Logged in to the Weibo merchant admin back-office as Super Admin/Admin with access to Tool > Notification. On the Record History tab. | E100: 1. Set From and To to a range covering only some existing entries. | F100: From = 2026-01-22, To = 2026-01-23. | G100: Only entries with a Released At date inside that range are shown. | H100: No system state change; only the displayed filtered results change. | K100: Medium | L100: v1.0 | M100: 2026-09-23 00:00:00 | N100: Functional
A101: NOT-RHL-004 | B101: Verify Record History functionality for the language filter | C101: Changing the language filter updates the displayed Notification Title | D101: Logged in to the Weibo merchant admin back-office as Super Admin/Admin with access to Tool > Notification. On the Record History tab. | E101: 1. Change the language filter to a different supported language. 2. Check the Notification Title column. | F101: Switch from 繁體 to English. | G101: The Notification Title column updates to reflect that language's saved content for each entry. | H101: No system state change; only the displayed language changes. | K101: Low | L101: v1.0 | M101: 2026-09-23 00:00:00 | N101: Localization
A102: NOT-RHL-005 | B102: Verify Record History functionality for a Daily-scheduled notification producing one new entry per firing | C102: Over multiple days, a recurring notification logs a separate entry each time it fires | D102: Logged in to the Weibo merchant admin back-office as Super Admin/Admin with access to Tool > Notification. On the Record History tab. A Daily-scheduled Active notification exists. | E102: 1. Note the most recent Record History entry for a Daily notification. 2. Wait until its next scheduled Timer passes (or advance the test environment's clock, if supported). 3. Check Record History again. | F102: A Daily notification firing at a known Timer. | G102: A new, distinct Record History entry appears for the new firing, alongside (not replacing) the previous one. | H102: Record History gains one additional entry per actual firing of the recurring notification. | K102: High | L102: v1.0 | M102: 2026-09-23 00:00:00 | N102: Regression
A103: NOT-RHL-006 | B103: Verify Record History functionality for a Once-scheduled notification producing exactly one entry, ever | C103: A one-time notification never generates a second history entry | D103: Logged in to the Weibo merchant admin back-office as Super Admin/Admin with access to Tool > Notification. On the Record History tab. A Once-scheduled notification that has already sent exists. | E103: 1. Note the single Record History entry for a Once-scheduled notification. 2. Wait and recheck after a significant delay. | F103: A Once-scheduled, already-sent notification. | G103: No additional Record History entry ever appears for that notification, regardless of elapsed time. | H103: Exactly one Record History entry exists for the Once-scheduled notification, permanently. | K103: High | L103: v1.0 | M103: 2026-09-23 00:00:00 | N103: Regression
A104: NOT-RHL-007 | B104: Verify Record History functionality for identifying the cause of a Failed status | C104: Failed status is reserved for delivery-layer failures such as lost connection, not content or validation issues | D104: Logged in to the Weibo merchant admin back-office as Super Admin/Admin with access to Tool > Notification. On the Record History tab. A Failed-status entry exists, e.g. "Maintenance window heads-up notice". | E104: 1. Locate a Failed-status entry. 2. Open its detail view, if available. 3. Look for a failure reason or retry option. | F104: The "Maintenance window heads-up notice" Failed entry. | G104: Confirmed (2026-09-26): Failed represents technical delivery failures (e.g. lost connection), as distinct from a content, validation, or targeting problem — resolving the core of AQ-08. Whether a specific admin-visible reason or retry action accompanies the Failed entry was not specified; verify what, if anything, the detail view shows beyond the Failed status itself. | H104: No system state change; only the information available for a Failed entry is verified. | K104: Medium | L104: v1.3 | M104: 2026-09-26 00:00:00 | N104: Negative
